job_title,city,country,annual_salary
Business Analyst (d/m/w) – Banking | Data Analytics Personalisierung,Berlin,Germany,75000
Senior Data Scientist / Senior AI Engineer (mwd),Berlin,Germany,83000
Business Analyst (d/m/w) – Data Analytics | Firmenkunden,Berlin,Germany,70000
Data Scientist Konditionsgestaltung (m/w/d),Berlin,Germany,82000
Data Scientist (m/w/d) für Technologietrends und Datenstrategie,Berlin,Germany,72000
Senior Data Scientist - Product Analytics,Berlin,Germany,67000
Senior Marketing Data Analyst,Berlin,Germany,54000
Data Migration Consultant (f/m/d) SAP S/4HANA Utilities,Berlin,Germany,66000
Physiker/ Mathematiker/ Naturwissenschaftler als Berater im Bereich Datenintegration (m/w/d),Berlin,Germany,71300
Senior Data Analyst (m/f/d),Berlin,Germany,85000
Leitung Business Intelligence (m/w/d),Berlin,Germany,126000
Working Student Data Analyst (f/x/m),Berlin,Germany,keine Angabe
Climate Data Analyst (f/m/d) at Climate Analytics,Berlin,Germany,55000
Senior Data Strategist (m/w/d),Berlin,Germany,75000
Praktikant:in Data Analyst (m/w/d),Berlin,Germany,keine Angabe
IT Architect (m/f/d) - With focus on Data Management and Data Quality,Berlin,Germany,81000
Abschlussarbeit im Bereich Datenstrategie und Künstliche Intelligenz,Berlin,Germany,keine Angabe
Mitarbeiter Datenanalyse im HomeOffice (m/w/d),Berlin,Germany,51000
Business Analyst (w/m/d) – Netzleitsystem der Zukunft,Berlin,Germany,70000
Statistiken der EKD,Berlin,Germany,58000
Werkstudent:in als Marketing Data Analyst (m/w/d),Berlin,Germany,keine Angabe
Statistiken der EKD,Berlin,Germany,60000
Senior Marketing Data Scientist (m/w/d),Berlin,Germany,63000
Principal Data Scientist,Berlin,Germany,63000
Sr. Data Engineering Consultant (m/f/d),Berlin,Germany,59000
Senior Data Scientist / Senior Analytics Engineer,Berlin,Germany,73000
"Senior Product Analyst (all genders) | Berlin, hybrid or remote",Berlin,Germany,72000
Data Allrounder Fokus GH App (m/w/d),Berlin,Germany,40000
Staff ML/AI Data Engineer,Berlin,Germany,62000
Cloud and DevOps Engineer (Kubernetes),Berlin,Germany,67000
Analytics Engineer (m/f/d),Berlin,Germany,65000
Senior Product Analyst (B2B) (m/f/d),Berlin,Germany,64000
Strategic Planning Associate,Berlin,Germany,49000
"Data Analysis, Manager",Berlin,Germany,63000
Senior Product Analyst (B2B) - 12 months contract (m/f/d),Berlin,Germany,keine Angabe
Senior Tech Marketing Manager (all genders),Berlin,Germany,keine Angabe
Business Analyst Baufinanzierung / Mortgage Focus (m/w/d),Berlin,Germany,keine Angabe
Senior Data Engineer,Berlin,Germany,70000
Teamlead Business Intelligence (m/w/d),Berlin,Germany,66000
(Senior) Sales Development Representative (w/m/d) - Packa,Berlin,Germany,58000
Business Analyst - ServiceNow Consulting (w/m/d),Berlin,Germany,keine Angabe
SAP Datasphere and Analytics Cloud Specialist (f/m/d),Berlin,Germany,keine Angabe
"(Junior) Consultant IT-Forensic, eDiscovery und Forensic Data Analytics (w/m/d)",Berlin,Germany,keine Angabe
IT Security Analyst (m/f/d),Berlin,Germany,50000
Research Analyst (m/w/d) im Feedbackmanagement,Berlin,Germany,64000
Referent (m/w/d) Datenanalyse,Berlin,Germany,60000
(Mid/Senior) Data Software Engineer (f/m/d),Berlin,Germany,82000
Data Engineer / Data Architect (m/f/x),Berlin,Germany,72000
Business Analyst für Provision & Vermittler (all genders),Berlin,Germany,72000
Business Analyst – Mortgage Focus (m/f/d),Berlin,Germany,72000
Software Test Analyst *,Berlin,Germany,53000
Key Account Manager - Data Product (w/m/d),Berlin,Germany,83000
Spezialist*in Datenmanagement (m/w/d) Recycling & Duale Systeme,Berlin,Germany,48000
Data Engineer* / Machine Learning Engineer*,Berlin,Germany,70000
Data Architect (m/w/d) (Digitization System Operation / Power Grid),Berlin,Germany,95000
Business Analyst - NetSuite / SuiteScript / ERP (m/w/d),Berlin,Germany,61000
IT Analyst / IT Consultant (w/m/d) Citizen Development,Berlin,Germany,70000
(Senior) Manager Business Intelligence & Data Management (w/m/d),Berlin,Germany,keine Angabe
Business Analyst - Projekt-Controlling und -Reporting Voll- o. Teilzeit (m/w/d),Berlin,Germany,72000
Senior Data Consultant (m/w/d) Transformationsberatung,Berlin,Germany,100000
Consultant (w/m/d) BI & Analytics (all levels),Berlin,Germany,103000
Business Analyst bAV (all genders),Berlin,Germany,79000
Financial Analyst Bereich Business Recovery (w/m/d),Berlin,Germany,74000
Senior Consultant SAP BW / SAP Analytics (m/w/d),Berlin,Germany,99000
Sales Manager für Data & Analytics (all gender),Berlin,Germany,73000
(Senior) Test Manager – Data Analytics & Management Platform (m/w/d),Berlin,Germany,77000
Business Intelligence Berater I Consultant (m/w/d),Berlin,Germany,66000
Senior Data Engineer (f/m/d),Berlin,Germany,87000
Senior Consultant Data Management (w/m/d),Berlin,Germany,keine Angabe
Senior Data Engineer (m/w/d) DWH,Berlin,Germany,84000
Senior SAP Analytics Consultant (all genders),Berlin,Germany,96000
Senior Consultant/Senior Business Analyst (w/m/d),Berlin,Germany,keine Angabe
Senior Functional Consultant SAP MDG (w/m/x),Berlin,Germany,85000
Duales Studium Wirtschaftsinformatik (B.Sc.) am Campus oder virtuell,Berlin,Germany,keine Angabe
Impact Carbon Removal Analyst (Nature-based and CDR Projects) (f/d/m) at CEEZER,Berlin,Germany,59000
Industry Decarbonisation Analyst (f/m/d),Berlin,Germany,60000
Conversion Analyst (m/w/d),Berlin,Germany,56000
BUSINESS ANALYST,Berlin,Germany,54000
Business Analyst (w/m/d),Berlin,Germany,59000
GCP Data Architect,Berlin,Germany,68000
Business Analyst (m/w/d),Berlin,Germany,56000
Senior Account Executive - Dutch speaker (m/f/d),Berlin,Germany,60000
Mid/Senior Business Intelligence & Data Warehouse Engineer (w/m/d),Berlin,Germany,67000
(Senior) Manager - ServiceNow Consulting (w/m/d),Berlin,Germany,keine Angabe
Researcher Media Ownership Monitor Germany 2025,Berlin,Germany,keine Angabe
"Researcher, Political Influencer Landscape (Germany) Media Ownership Monitor Germany 2025",Berlin,Germany,44000
Client Success Manager B2B – German speaker,Berlin,Germany,52000
Senior Workday Specialist (Finance),Berlin,Germany,55000
Quant Trader (m/w/d),Berlin,Germany,61000
Business Development Manager - German Speaker (all genders welcome) in Berlin,Berlin,Germany,63000
(Senior) Data & Analytics Engineer,Berlin,Germany,69000
Business Analyst,Berlin,Germany,54000
Machine Learning Engineer,Berlin,Germany,63000
Machine Learning Engineer,Berlin,Germany,66000
Principal Machine Learning Engineer,Berlin,Germany,66000
Principal Machine Learning Engineer,Berlin,Germany,71000
Head of Business Intelligence,Berlin,Germany,85000
Analyst (m/w/d) Problemkredit Firmenkunden,Berlin,Germany,69000
Referent (m/w/d) Research und Analysen für die Sparkassen-Finanzgruppe,Berlin,Germany,68000
IT Security Analyst (m/w/d),Berlin,Germany,60000
Financial Analyst / Controller (w/m/d),Berlin,Germany,75000
Risikoanalyst:in Cybersicherheit (w/m/d),Berlin,Germany,85000
Analyst IT-Consulting (all genders),Berlin,Germany,78000
(Junior) Analyst Finanzkriminalität Bank (m/w/d),Berlin,Germany,48000
Data Scientist / AI Engineer (mwd),Berlin,Germany,77000
(Senior) IT Governance & Compliance Analyst (m/f/d),Berlin,Germany,65000
IT-Security Analyst (m/w/d) - Cyber Security Specialist (m/w/d),Berlin,Germany,83000
(Associate) Consultant (m/w/d) Data Driven Insurance,Berlin,Germany,75000
Security Analyst im Security Operations Center - Tier 2 (m/w/d),Berlin,Germany,60000
SAP Platform Specialist (w/m/d) Data Integration,Berlin,Germany,85000
Kreditanalyst (m/w/d) Problemkredit gewerbliche Immobilienfinanzierung und Firmenkunden,Berlin,Germany,67000
Lead Java Developer (w/m/d) Real Time Data,Berlin,Germany,95000
Cash-Management Analyst (m/w/d),Berlin,Germany,73000
Security Analyst im Security Operations Center - Tier 1 (m/w/d),Berlin,Germany,66000
Online Ads Data Evaluator in Germany (m/w/d),Berlin,Germany,keine Angabe
Consultant SAP Financial Services Data Platform (FSDP) (m/w/d),Berlin,Germany,72000
Accounting Analyst (m/w/d),Berlin,Germany,70000
Analyst (w/m/d) Mergers & Acquisitions (M&A),Berlin,Germany,63000
Data Management Officer (m/f/d),Berlin,Germany,69000
SAP Berater/Entwickler Datenmigration (m/w/d) – Architect SAP Data Migration,Berlin,Germany,150000
Analyst Anti-Financial-Crime EMEA Hub (m/w/d),Berlin,Germany,38532
"SAP Datasphere, BDC & SAC Berater (m/w/d) - SAP Consultant BW/4HANA",Berlin,Germany,120000
Data Engineer (f/m/x),Berlin,Germany,70000
Working Student HR Master Data & Reporting (m/f/d),Berlin,Germany,keine Angabe
Security Analyst 1st Level Security Operations Center (m/w/d),Berlin,Germany,79000
BI & Data Analyst – HR-Software (SaaS),Hamburg,Germany,80000
Market Analyst Sales (m/w/d),Hamburg,Germany,80000
"Technisch versierter BI Analyst (m/w/d) – Power BI, MS Fabric & Datenmodellierung",Hamburg,Germany,73000
(Senior) Business Analyst* Market Data & Vendor Management,Hamburg,Germany,88000
(Junior) Asset Manager*in Europa befristet bis 31.08.2026 (in Voll- oder Teilzeit),Hamburg,Germany,keine Angabe
(Junior) Business Analyst* Market Data & Vendor Management,Hamburg,Germany,75000
Senior Data Analyst (w/m/d),Hamburg,Germany,80000
Physiker/ Mathematiker/ Naturwissenschaftler als Berater im Bereich Datenintegration (m/w/d),Hamburg,Germany,71300
Senior Data Scientist,Hamburg,Germany,79000
(Senior) Data Scientist (m/w/d) InsurTech,Hamburg,Germany,93000
Abschlussarbeit im Bereich Datenstrategie und Künstliche Intelligenz,Hamburg,Germany,keine Angabe
Data Scientist / Data Engineer (m/w/d),Hamburg,Germany,73000
Analytics Developer (m/w/divers),Hamburg,Germany,70000
Principal Data Scientist,Hamburg,Germany,65000
Deine Ausbildung bei der Krämer Marktforschung!,Hamburg,Germany,keine Angabe
CoE Lead (m/w/d) Künstliche Intelligenz,Hamburg,Germany,120000
E-Commerce Manager (all gender) mit Schwerpunkt Growth & Revenue,Hamburg,Germany,62000
Research Executive,Hamburg,Germany,56000
Entwickler (m/w/d) f�r Microsoft Dynamics 365 Finance und Supply Chain Management,Hamburg,Germany,61000
(Senior-) Consultant IBM Cognos (m/w/d),Hamburg,Germany,72000
Business Analyst - ServiceNow Consulting (w/m/d),Hamburg,Germany,keine Angabe
Portfolio Business Analyst (m/d/f),Hamburg,Germany,95000
SAP Datasphere and Analytics Cloud Specialist (f/m/d),Hamburg,Germany,keine Angabe
"(Junior) Consultant IT-Forensic, eDiscovery und Forensic Data Analytics (w/m/d)",Hamburg,Germany,keine Angabe
(Expert) Data Developer (m/w/d) Analytics,Hamburg,Germany,74000
(Expert) Data Developer (m/w/d) Analytics,Hamburg,Germany,74000
(Junior) Analyst – Corporate Rankings and Business Analysis (m/f/d),Hamburg,Germany,keine Angabe
Data Analytics Engineer (m/w/d),Hamburg,Germany,66000
Business Analyst (m/w/d) Technologie & Prozesse Krankenversicherung,Hamburg,Germany,70000
Business Analyst | Pricing (w/m/d),Hamburg,Germany,76000
Business Analyst (m/w/d) Scrum,Hamburg,Germany,79000
Business Analyst für Provision & Vermittler (all genders),Hamburg,Germany,72000
(Junior) Business-Analyst (m/w/d) für die Bereiche Zahlungsverkehr und Wertpapierservice,Hamburg,Germany,65000
Business Analyst – Digital Services Voll- o. Teilzeit (m/w/d),Hamburg,Germany,72000
Key Account Manager - Data Product (w/m/d),Hamburg,Germany,83000
Business Analyst (m/w/d) Service/Partner Plattformen,Hamburg,Germany,70000
Business Analyst (all genders) – Focus Sales Controlling,Hamburg,Germany,64000
Data Engineer* / Machine Learning Engineer*,Hamburg,Germany,70000
(Senior) Manager Business Intelligence & Data Management (w/m/d),Hamburg,Germany,keine Angabe
Business Analyst (m/w/d) für TAA-Prozesse in der Lebensversicherung,Hamburg,Germany,90000
Process Analyst (gn*),Hamburg,Germany,79000
Senior Data Consultant (m/w/d) Transformationsberatung,Hamburg,Germany,100000
Consultant (w/m/d) BI & Analytics (all levels),Hamburg,Germany,103000
Business Analyst bAV (all genders),Hamburg,Germany,79000
(Senior) Analyst - International Ranking Projects (m/f/d),Hamburg,Germany,keine Angabe
Business Analyst (m/w/d) Sach-/Haftpflichtversicherung,Hamburg,Germany,79000
Junior Data Engineer (m/w/d) / Applicationmanager*in (in Voll- oder Teilzeit),Hamburg,Germany,70000
Financial Analyst Bereich Business Recovery (w/m/d),Hamburg,Germany,74000
Senior Consultant SAP BW / SAP Analytics (m/w/d),Hamburg,Germany,99000
Senior Consultant – SAP BI / Analytics (m/w/d),Hamburg,Germany,90000
Senior Data Engineer (f/m/d),Hamburg,Germany,87000
Senior Consultant Data Management (w/m/d),Hamburg,Germany,keine Angabe
(Senior) Controller / Analyst (m/w/d) im Dachfondsmanagement,Hamburg,Germany,83000
(Senior) Data Engineer (m/w/d),Hamburg,Germany,keine Angabe
Senior SAP Analytics Consultant (all genders),Hamburg,Germany,100000
(Senior) Data Engineer (m/w/d),Hamburg,Germany,90000
Senior Data Architect (m/w/d),Hamburg,Germany,keine Angabe
Senior Consultant/Senior Business Analyst (w/m/d),Hamburg,Germany,keine Angabe
Database Manager Business Intelligence (all gender),Hamburg,Germany,60000
Senior Functional Consultant SAP MDG (w/m/x),Hamburg,Germany,85000
Database Manager Business Intelligence (all gender),Hamburg,Germany,keine Angabe
Principal Analyst - EU Power Transaction Advisory,Hamburg,Germany,63000
Game Analyst,Hamburg,Germany,60000
Duales Studium Wirtschaftsinformatik (B.Sc.) am Campus oder virtuell,Hamburg,Germany,keine Angabe
Key Account Manager - France & Switzerland (m/f/d),Hamburg,Germany,79000
AI Consultant (m/w/d),Hamburg,Germany,70000
Investment Analyst (m/w/d),Hamburg,Germany,63000
Junior Data Engineer (m/w/d),Hamburg,Germany,60000
(Senior) Manager - ServiceNow Consulting (w/m/d),Hamburg,Germany,keine Angabe
Principal Machine Learning Engineer,Hamburg,Germany,67000
Analyst (m/w/d) Loss Prevention,Hamburg,Germany,72000
Analyst Risk Management (m/w/d),Hamburg,Germany,76000
Commercial Analyst (m/w/d),Hamburg,Germany,68000
(Junior) Controller / Analyst (m/w/d) im Dachfondsmanagement,Hamburg,Germany,66000
Technical Controlling Analyst (m/f/d),Hamburg,Germany,65000
Software / Application Analyst (m/w/d),Hamburg,Germany,71000
M&A Analyst / Specialist – Finance Modeling & Corporate Housekeeping (m/w/d),Hamburg,Germany,65000
Business Analyst (gn) Finance IT Systems,Hamburg,Germany,77000
Kreditanalyst (w/m/d),Hamburg,Germany,65000
Analyst IT-Consulting (all genders),Hamburg,Germany,78000
Software / Application Analyst (m/w/d),Hamburg,Germany,71000
Procurement Analyst / Einkaufscontrolling (w/m/d),Hamburg,Germany,60000
Kundenbetreuung Master Data (m/w/d),Hamburg,Germany,46000
IT-Security Analyst (m/w/d) - Cyber Security Specialist (m/w/d),Hamburg,Germany,83000
(Associate) Consultant (m/w/d) Data Driven Insurance,Hamburg,Germany,75000
GIS-Analyst (m/w/d),Hamburg,Germany,63000
Kreditanalyst - Immobilienfinanzierungen (m/w/d),Hamburg,Germany,81000
Key Account Analyst (d/w/m) Amazon & Marketplace,Hamburg,Germany,78000
Financial Reporting Analyst (w/m/d),Hamburg,Germany,70000
"Performance Controller - ""Der Effizienzanalyst""*",Hamburg,Germany,80000
Consultant Data Strategy (f/m/d),Hamburg,Germany,keine Angabe
Consultant SAP Financial Services Data Platform (FSDP) (m/w/d),Hamburg,Germany,72000
Investment Analyst (m/f/d) in Renewable Energies,Hamburg,Germany,38000
SAP Berater/Entwickler Datenmigration (m/w/d) – Architect SAP Data Migration,Hamburg,Germany,150000
Data Quality Specialist (m/w/d),Hamburg,Germany,50000
"SAP Datasphere, BDC & SAC Berater (m/w/d) - SAP Consultant BW/4HANA",Hamburg,Germany,120000
Security Analyst 1st Level Security Operations Center (m/w/d),Hamburg,Germany,79000
Werkstudent Data Project Communication & Change (w/m/d),Hamburg,Germany,keine Angabe
Data Engineer (m/w/d),Hamburg,Germany,keine Angabe
Specialist Cybersecurity & Data Privacy (m/w/d) Medizintechnik,Hamburg,Germany,71000
Werkstudent Data Management & Analytics (w/m/d),Hamburg,Germany,keine Angabe
"Werkstudent Data Science, Schwerpunkt E-Mobility (m/w/d)",Hamburg,Germany,keine Angabe
Data Engineer (m/w/d),Hamburg,Germany,85000
Mitarbeiter (m/w/d) im Team Data Analytics,Hamburg,Germany,75000
Data Engineer (m/w/d),Hamburg,Germany,81000
Senior Consultant Customer Data & Tech (m/w/d),Hamburg,Germany,76000
Werkstudent HR Data Management & Reporting (w/m/d),Hamburg,Germany,keine Angabe
Coordinator Master Data (m/w/d),Hamburg,Germany,68000
Kreditanalyst - Corporate (m/w/d),Hamburg,Germany,81000
Data Engineer (all genders),Hamburg,Germany,77000
Praktikum als Fellow Consultant (w/m/d) Steering Lab - Schwerpunkt Data Science,Hamburg,Germany,keine Angabe
Working Student / Intern in Data Engineering – Flexplace in Germany (m/f/x),Hamburg,Germany,keine Angabe
Working Student / Intern in Audit – Python Data Professional – Flexplace in Germany (m/f/x),Hamburg,Germany,keine Angabe
Working Student/ Intern in Audit - Data Analytics – Flexplace in Germany (m/f/x),Hamburg,Germany,keine Angabe
Revenue Analyst (m/w/d),Hamburg,Germany,56000
SAP Data Engineer (m/w/d) / SAP BW Entwickler (m/w/d) in Voll- oder Teilzeit,Hamburg,Germany,85000
Business Analyst Finanzen CFO Strategie (w/m/d),Hamburg,Germany,116000
Financial Analyst Transformation Strategy & Operating Model (w/m/d),Hamburg,Germany,65000
IT Business Analyst für Microsoft Power Platform (m/w/d),Hamburg,Germany,80000
IT-Security Specialist (m/w/d) - IT-Security Analyst (m/w/d),Hamburg,Germany,76000
IT Service Desk Agent / IT Support Mitarbeiter Help Desk (m/w/d),Hamburg,Germany,43000
"Logopädie, Ergotherapie & Physiotherapie - Therapeutenteamverstärkung (m/w/d) für unsere Kitas in Hamburg gesucht",Hamburg,Germany,3864
Inhouse Software Consultant (w/m/d),Hamburg,Germany,keine Angabe
Chemielaborant/in / Chemielaboranten (m/w/d),Hamburg,Germany,40000
IT Network Security Engineer (m/w/d),Hamburg,Germany,82000
Data Analyst (m/w/d),München,Germany,80000
Stammdaten Analyst / Data Manager (m/w/d) Verpackungsmaterialien & BI-Reporting,München,Germany,94000
Working Student | Data Analyst - Corporate Audit (m/f/d),München,Germany,keine Angabe
"Data Engineers, Analysts & Scientists (w|m|d)",München,Germany,83000
Data Strategy Consultant (f/m/x),München,Germany,70000
Data Steward (w/m/d),München,Germany,83000
Senior Data Analyst & Tracking Expert (m/w/d),München,Germany,74000
Physiker/ Mathematiker/ Naturwissenschaftler als Berater im Bereich Datenintegration (m/w/d),München,Germany,71300
Business Analyst Zentrale Methoden/ Data Lineage (m/w/d) | STBDBF,München,Germany,83000
Senior Data Scientist (f/m/x),München,Germany,keine Angabe
Data Analyst – Commercial,München,Germany,62000
Data Analyst (m/w/d) - Cloud Data & Analytics,München,Germany,62000
Data Developer (all genders),München,Germany,88000
Abschlussarbeit im Bereich Datenstrategie und Künstliche Intelligenz,München,Germany,keine Angabe
Praktikum im Bereich Klimarisiken (m/w/d)*,München,Germany,keine Angabe
Data Analyst (m/w/d) - Cloud Data & Analytics,München,Germany,62000
Data Analyst | Spectroscopy | All genders,München,Germany,62000
IMOGate | Data Analyst Job Offer,München,Germany,62000
Principal Data Scientist,München,Germany,69000
L2 Support Professional (m/w/d),München,Germany,keine Angabe
Power BI Data Analyst (all genders),München,Germany,64000
Teamleitung Data & Marketing Intelligence (w/m/d),München,Germany,71000
Prozessmanager KI (m/w/d),München,Germany,78000
Middle-Level BI analyst with a focus on Web and SEO Data,München,Germany,68000
POWER BI - Reporting Specialist (m/w/d),München,Germany,71000
Senior System Engineer (m/w/d) - bis 90% remote,München,Germany,71000
Senior System Engineer (m/w/d) - bis 90% remote in München,München,Germany,71000
Senior Digital Business Consultant (m/f/x),München,Germany,75000
(Senior) Marketing Science Consultant (m/w/d),München,Germany,69000
Payload Specialist (m/f/d),München,Germany,62000
Business Analyst - ServiceNow Consulting (w/m/d),München,Germany,keine Angabe
Business Analyst (d/w/m) mit DWH Expertise,München,Germany,95000
SAP Datasphere and Analytics Cloud Specialist (f/m/d),München,Germany,keine Angabe
"(Junior) Consultant IT-Forensic, eDiscovery und Forensic Data Analytics (w/m/d)",München,Germany,keine Angabe
Cost Analyst (m/w/d) im Controlling für das Team Profit Accounting & Analytics,München,Germany,73000
Digital Marketing Analyst (m/w/d),München,Germany,keine Angabe
Data Onboarding Specialist - Intellectual Property (m/d/f) (m/w/d),München,Germany,72000
Digital Forensic Analyst (m/w/x),München,Germany,keine Angabe
Business Analyst Sach- und Personenversicherung (w|m|d),München,Germany,86000
Business Analyst für Provision & Vermittler (all genders),München,Germany,72000
Controlling & Business Analytics Professional (m/w/d),München,Germany,120000
HR Organizational Data Specialist (w/m/d),München,Germany,82000
Data Architect (f/m/x),München,Germany,70000
Business Analyst Mobile Bezahllösungen (m/w/d) | DBABEZ,München,Germany,98000
Business Analyst Kreditkarte (m/w/d) | DBABEZ,München,Germany,98000
Business Analyst Kontoübersicht (m/w/d) | DBALIQ,München,Germany,98000
Key Account Manager - Data Product (w/m/d),München,Germany,83000
Machine Learning & KI-Agenten Engineer (m/w/d) - Google AI Fokus,München,Germany,82000
Immobilienkaufmann/Immobilienwirt (d/w/m) als Property Specialist,München,Germany,60000
Naturwissenschaftler als Business Analyst Retail (m/w/d),München,Germany,60000
Data Engineer* / Machine Learning Engineer*,München,Germany,70000
(Senior) Manager Business Intelligence & Data Management (w/m/d),München,Germany,keine Angabe
Business Analyst - Projekt-Controlling und -Reporting Voll- o. Teilzeit (m/w/d),München,Germany,72000
Projektkoordinator Datenanalyse (m/w/d) am Standort München,München,Germany,76000
Senior Data Consultant (m/w/d) Transformationsberatung,München,Germany,100000
Business Analyst (m/w/d) im Bereich Lebensversicherung,München,Germany,67000
Consultant (w/m/d) BI & Analytics (all levels),München,Germany,103000
Business Analyst bAV (all genders),München,Germany,84000
Asset Liability Management und Data Management (m/w/d),München,Germany,83000
Application Consultant Customer Legitimation (all genders),München,Germany,90000
Financial Analyst Bereich Business Recovery (w/m/d),München,Germany,74000
Senior Consultant SAP BW / SAP Analytics (m/w/d),München,Germany,99000
Senior Consultant – SAP BI / Analytics (m/w/d),München,Germany,90000
Senior Consultant Data Management (w/m/d),München,Germany,keine Angabe
(Senior) Analyst (w/m/d) Cash Management at Allianz Investment Management SE,München,Germany,95000
Senior SAP Analytics Consultant (all genders),München,Germany,100000
Machine Learning Engineer (all genders),München,Germany,76000
Senior Consultant/Senior Business Analyst (w/m/d),München,Germany,keine Angabe
Senior Functional Consultant SAP MDG (w/m/x),München,Germany,85000
Duales Studium Wirtschaftsinformatik (B.Sc.) am Campus oder virtuell,München,Germany,keine Angabe
GenAI Solutions Architect (w|m|d),München,Germany,90000
Werkstudent Business Analyst (m/w/d) auf Startup Jobs,München,Germany,keine Angabe
(Senior) Manager - ServiceNow Consulting (w/m/d),München,Germany,keine Angabe
Senior Financial Analyst – SaaS,München,Germany,74000
Data Backend Developer (f/m/d),München,Germany,68000
Quant Developer (f/m/d),München,Germany,71000
Senior Business Analyst (m/w/d),München,Germany,73000
Data-Specialist (w/m/d),München,Germany,59000
Senior SAP Analytics Cloud Consultant (all genders),München,Germany,79000
Business Analyst Wertpapier (m/w/d),München,Germany,68000
Principal Machine Learning Engineer,München,Germany,77000
Subscription and Compliance Analytics Manager,München,Germany,63000
Senior Business Analyst,München,Germany,73000
Senior Business Analyst (m/f/d),München,Germany,73000
IT Security Manager (m/w/d),München,Germany,79000
Industry Analyst Automotive (m/w/d),München,Germany,keine Angabe
Security Analyst (m/w/d),München,Germany,75000
Technical Analyst (m/w/d) für Investment & Securities,München,Germany,72000
Werkstudent - Strategic Project Analyst (m/w/d),München,Germany,keine Angabe
Product Analyst:in (m/w/d),München,Germany,88000
Accounting Analyst (m/w/d),München,Germany,77000
Junior Consultant / Analyst (m/w/d) Berufseinstieg Projektmanagement Digitalisierung,München,Germany,67000
Data Engineer (m/w/d),München,Germany,85000
IT-Security Analyst (m/w/d) - Cyber Security Specialist (m/w/d),München,Germany,83000
(Associate) Consultant (m/w/d) Data Driven Insurance,München,Germany,75000
Ingenieur Analyse elektrooptischer Sensoren (m/w/d),München,Germany,76000
MFA / PTA / PKA / MTA als Pharmacovigilance Data Entry Officer (m/w/d),München,Germany,keine Angabe
Consultant SAP Financial Services Data Platform (FSDP) (m/w/d),München,Germany,72000
Applikationsexpert*in – CRM mit Fokus Data Analytics,München,Germany,5200
Data Governance Consultant (f/m/x),München,Germany,70000
SAP Berater/Entwickler Datenmigration (m/w/d) – Architect SAP Data Migration,München,Germany,150000
"SAP Datasphere, BDC & SAC Berater (m/w/d) - SAP Consultant BW/4HANA",München,Germany,120000
Security Analyst 1st Level Security Operations Center (m/w/d),München,Germany,79000
Werkstudent Cloud based Data Platform (m/w/d),München,Germany,keine Angabe
Praktikum Data Analytics (m/w/d),München,Germany,keine Angabe
Praktikant im Bereich Data Driven Applications (m/w/d),München,Germany,keine Angabe
Werkstudent im Bereich Data Driven Applications (m/w/d),München,Germany,keine Angabe
Werkstudent Controlling & Data Analytics (m/w/d),München,Germany,keine Angabe
Praktikant als Project Analyst Team Projects und Support (all genders),München,Germany,keine Angabe
Werkstudent als Data Intelligence Engineer (m/w/d),München,Germany,keine Angabe
Data Engineer (m/w/d),München,Germany,85000
"Legal Counsel, Data Privacy and Protection (m/f/x)",München,Germany,keine Angabe
Data / Cloud Engineer Automatisiertes Fahren (m/w/d),München,Germany,70000
Senior Consultant Customer Data & Tech (m/w/d),München,Germany,76000
Werkstudent - Data Engineering (m/w/d),München,Germany,keine Angabe
Business Analyst in IT-Projekten (w|m|d),München,Germany,72000
Spezialist:in Data Management – Wertpapierabwicklung Back Office (m/w/d),München,Germany,89000
Werkstudent Data Acquisition & Annotation Specialist (m/w/d),München,Germany,keine Angabe
Working Student (m/f/d) in Global Data Provision,München,Germany,keine Angabe
Data Engineer (all genders),München,Germany,77000
Praktikum als Fellow Consultant (w/m/d) Steering Lab - Schwerpunkt Data Science,München,Germany,keine Angabe
Business Analyst /Banking (all genders),München,Germany,84000
Working Student / Intern in Data Engineering – Flexplace in Germany (m/f/x),München,Germany,keine Angabe
Working Student / Intern in Audit – Python Data Professional – Flexplace in Germany (m/f/x),München,Germany,keine Angabe
Working Student/ Intern in Audit - Data Analytics – Flexplace in Germany (m/f/x),München,Germany,keine Angabe
Senior Data Scientist / Engineer (w/m/d),Köln,Germany,77000
Data Engineer / Business Intelligence Specialist (all genders),Köln,Germany,70000
BI Developer (w/m/d) - Fokus IBM Planning Analytics (TM1),Köln,Germany,80000
Data Scientist*,Köln,Germany,88000
(Senior) Data Analyst (m/w/d) - Befristet auf 12-14 Monate,Köln,Germany,keine Angabe
Senior Data Analyst (w/m/d),Köln,Germany,80000
Data Scientist (w/m/d),Köln,Germany,110500
(Senior) Data Scientist Analytics (m/w/d),Köln,Germany,91000
Senior Business Intelligence Developer (m/w/d),Köln,Germany,81000
Physiker/ Mathematiker/ Naturwissenschaftler als Berater im Bereich Datenintegration (m/w/d),Köln,Germany,71300
Senior Business Intelligence Developer (m/w/d),Köln,Germany,84000
Senior Expert BI Consulting (m/w/d),Köln,Germany,93000
Experte (w/m/d) Contact Center AI (Conversational AI & Agentic AI),Köln,Germany,71000
Data Engineer (m/w/d),Köln,Germany,keine Angabe
Doktorand:in – KI-gestützte Integration heterogener Forschungsdaten in Energiesystemmodelle (w/m/d),Köln,Germany,keine Angabe
Data Scientist / Data Engineer (m/w/d),Köln,Germany,73000
Conversion Rate Optimierung & Datenanalyst (m/w/d),Köln,Germany,58000
Data Analyst mit Schwerpunkt Controlling & BI,Köln,Germany,51000
Principal Data Scientist,Köln,Germany,64000
(Junior) Prozessmanager ERP (m/w/d),Köln,Germany,75000
Abschlussarbeit im Bereich Datenstrategie und Künstliche Intelligenz,Köln,Germany,keine Angabe
Studentische Hilfskraft im Bereich Datenrecherche und -analyse für das österreichische Energiesystem (w/m/d),Köln,Germany,keine Angabe
Platform Owner - Azure Data Platform (m/w/d),Köln,Germany,92000
Business Analyst - ServiceNow Consulting (w/m/d),Köln,Germany,keine Angabe
"(Junior) Consultant IT-Forensic, eDiscovery und Forensic Data Analytics (w/m/d)",Köln,Germany,keine Angabe
Business Analyst / Systemanalytiker (w/m/d),Köln,Germany,63000
Personaladministration HR-Systems & Data Specialist (m/w/d),Köln,Germany,keine Angabe
Data Engineer* / Machine Learning Engineer*,Köln,Germany,70000
Mathematiker / Physiker / Informatiker als Business Analyst (m/w/d),Köln,Germany,74000
(Senior) Manager Business Intelligence & Data Management (w/m/d),Köln,Germany,keine Angabe
Consultant Business Analytics (m/w/d),Köln,Germany,70000
Senior Data Consultant (m/w/d) Transformationsberatung,Köln,Germany,100000
Business Analyst bAV (all genders),Köln,Germany,84000
"Referentin / Referent (w/m/d) im Referat L.I.3 „Entwicklung Lageprodukte, Datenanalyse und Visualisierung“",Köln,Germany,76700
Senior Consultant SAP BW / SAP Analytics (m/w/d),Köln,Germany,99000
Senior Consultant – SAP BI / Analytics (m/w/d),Köln,Germany,90000
Business-Analyst (m/w/d),Köln,Germany,keine Angabe
Senior Consultant Data Management (w/m/d),Köln,Germany,keine Angabe
IT Application Analyst / Developer SAP Logistics (m/w/d),Köln,Germany,72000
Senior SAP Analytics Consultant (all genders),Köln,Germany,100000
Senior Functional Consultant SAP MDG (w/m/x),Köln,Germany,85000
"Head of HR Analytics, Planning & Tools (m/w/d)",Köln,Germany,124000
Senior Data Architect für Finanz- und Datenmanagement (m/w/d),Köln,Germany,89000
Duales Studium Wirtschaftsinformatik (B.Sc.) am Campus oder virtuell,Köln,Germany,keine Angabe
AI Consultant (m/w/d),Köln,Germany,70000
Cloud Big Data Engineer / DevOps Engineer (m/w/d),Köln,Germany,67000
(Senior) Manager - ServiceNow Consulting (w/m/d),Köln,Germany,keine Angabe
Principal Machine Learning Engineer,Köln,Germany,66000
Anlegerschützer / Analyst (m/w/d) Immobilie zur Kapitalanlage,Köln,Germany,90000
Finance and Risk Analyst (w/m/d),Köln,Germany,85000
SAP BW Business Analyst:in,Köln,Germany,81000
Kreditanalyst Finanzierungen (m/w/d),Köln,Germany,75000
Analyst IT-Consulting (all genders),Köln,Germany,80000
Werkstudent IT-Business Analyst im Produktteam eSourcing (m/w/d),Köln,Germany,keine Angabe
Kreditanalyst Factoring (m/w/d),Köln,Germany,74000
Kreditanalyst/-in in der Abteilung Spezial-Kreditmanagement (m/w/d) bei der Sparkasse KölnBonn,Köln,Germany,81000
IT-Business Analyst / Requirements Engineer - SAP (m/w/d),Köln,Germany,86000
(Associate) Consultant (m/w/d) Data Driven Insurance,Köln,Germany,75000
Werkstudent IT-Business Analyst im Produkt Communication & Meetings (m/w/d),Köln,Germany,keine Angabe
IT Business Analyst (m/w/d),Köln,Germany,68000
Daten-Ingenieur/in / Data Engineer (m/w/d),Köln,Germany,keine Angabe
Consultant Data Strategy (f/m/d),Köln,Germany,keine Angabe
IT Business Analyst (m/w/d) für Anforderungs- und Prozessmanagement (Schwerpunkt MS Dynamics NAV),Köln,Germany,80000
Process Expert Master Data Management (m/w/d),Köln,Germany,70000
Consultant SAP Financial Services Data Platform (FSDP) (m/w/d),Köln,Germany,72000
(Junior) Investmentanalyst (m/w/d),Köln,Germany,55000
Controller/Analyst (m/w/d) Finance,Köln,Germany,70000
IT Business Analyst ERP (m/w/d),Köln,Germany,80000
Werkstudent Marketing - Fokus auf Digital & Data (m/w/d),Köln,Germany,keine Angabe
Datenexperte aktuarielles Data Management (d/m/w),Köln,Germany,49000
Werkstudent IT Business Analyst im Produktteam Digital Supplier Management (m/w/d),Köln,Germany,keine Angabe
Security Analyst 1st Level Security Operations Center (m/w/d),Köln,Germany,79000
Product Analyst - E-Mobility (all genders),Köln,Germany,69000
Praktikum Data Engineer,Köln,Germany,keine Angabe
Duales Studium Wirtschaftsinformatik Data Science (B.Sc.) - Start Oktober 2025 (m/w/d),Köln,Germany,keine Angabe
Data Engineer (m/w/d),Köln,Germany,85000
Business Analyst Legal Operations (m/w/d),Köln,Germany,76000
Prozessmanager FI/CO Master Data Manager FI/CO (m/w/d) Köln & Home Office,Köln,Germany,75000
Senior Consultant Customer Data & Tech (m/w/d),Köln,Germany,76000
Regional Data Protection Officer - Germany (w/m/d),Köln,Germany,110000
Werkstudent/in - Media Sales Analytics & Data Management (m/w/d),Köln,Germany,keine Angabe
Werkstudent Data Engineering (m/w/d),Köln,Germany,keine Angabe
Business Analyst /Banking (all genders),Köln,Germany,84000
Mathematiker/Aktuar (d/m/w) Data Science/Pricing/Risikomanagement/Solvency II,Köln,Germany,67000
Trainee* Finance & Data-Analytics,Köln,Germany,keine Angabe
Business Analyst Finanzen CFO Strategie (w/m/d),Köln,Germany,116000
Financial Analyst Transformation Strategy & Operating Model (w/m/d),Köln,Germany,65000
Sales Operations Analyst (m/w/d),Köln,Germany,66000
IT Business Analyst für Microsoft Power Platform (m/w/d),Köln,Germany,80000
IT-Systemadministrator (w/m/div.) 1st & 2nd Level Support,Köln,Germany,55000
Lead Penetrationstester (m/w/d),Köln,Germany,92000
IT-Security Engineer (d/m/w) - Netzwerkintegration & Kundenprojekte,Köln,Germany,105000
Penetrationstester (m/w/d),Köln,Germany,73000
IT Security PenTester (w/m/d),Köln,Germany,82000
Data Domain Manager (m/w/d),Köln,Germany,85000
Inhouse Application Consultant (m/w/d),Köln,Germany,75000
IT Service / User Help Desk / 1st and 2nd Level Support (all genders),Köln,Germany,53000
Senior IT Business Analyst (m/w/d),Köln,Germany,82000
Software Tester (m/w/d),Köln,Germany,85000
Mathematiker / Physiker / Informatiker als Softwaretester (m/w/d),Köln,Germany,74000
"Pre-Sales Consultant (m/w/d) – Data Science, AI & BI",Köln,Germany,100000
Elektroniker als Servicetechniker (m/w/d) für Aufzugsanlagen im Großraum Köln,Köln,Germany,52000
"SAP Anwendungsberater PP, WM, MM, SD (m/w/d)",Köln,Germany,85000
"Elektriker, Elektroniker, Mechatroniker, Validierer als Servicetechniker im Außendienst (m/w/d)",Köln,Germany,keine Angabe
Labortechniker/in / Chemielaborant/in Forschung und Entwicklung (m/w/d),Köln,Germany,58000
Expert Group Security - Contract & Audit / Information Security Officer im CISO Office (m/w/d),Köln,Germany,112000
Data Engineer (w/m/d),Köln,Germany,74000
First-Level-Support / IT-Mitarbeiter (m/w/d),Köln,Germany,47000
SAP IT Business Analyst (m/w/d),Köln,Germany,75000
wissenschaftliche Mitarbeiterinnen/wissenschaftliche Mitarbeiter (w/m/d) mit dem Ziel der Promotion im Bereich Spatial Data Science,Köln,Germany,6635
Working Student Data Science (f/m/d),Köln,Germany,17
Senior Kreditanalyst (m/w/d) in Teilzeit – Ford Bank GmbH,Köln,Germany,81000
Head of Sales Data & AI Public Sector (m/w/d),Köln,Germany,130000
Elektroniker als Servicetechniker (m/w/d) für Aufzugsanlagen im Großraum Bonn,Köln,Germany,51000
Logopäde (m/w/d),Köln,Germany,41000
Technology Lead - SAP Enterprise Architect (w/m/d),Köln,Germany,105000
Technical Lead Data & AI (m/w/d),Köln,Germany,140000
"Professuren für Informatik, insbesondere Digitale Forensik (W2)",Köln,Germany,4878
Specialist Service Desk 1st & 2nd Level Support (m/w/d),Köln,Germany,50000
Chemisch-technischer Assistent / Chemielaborant (m/w/d),Köln,Germany,keine Angabe
SIEM Use Case / Playbook Engineer (m/w/d),Köln,Germany,77000
Chemikant/Chemielaborant/CTA – Chemische Produktion im GMP-Umfeld (m/w/d),Köln,Germany,42000
IT-Forensikerin bzw. IT-Forensiker (w/m/d),Köln,Germany,6428
IT-Consultant Infrastructure & Support (m/w/d),Köln,Germany,57000
"Sprachtherapeut (m/w/d) in Voll-, Teilzeit oder auf Minijobbasis",Köln,Germany,44000
Data Analyst*in im Bereich Strategieentwicklung (in Voll- oder Teilzeit),Frankfurt,Germany,75000
Data Analyst*in im Investmentdepotgeschäft und Kundenservice (in Voll- oder Teilzeit),Frankfurt,Germany,69000
Data Analyst / Spezialist Data Analytics als Operations Expert (m/w/d),Frankfurt,Germany,84000
Market Data Analyst (m/w/d),Frankfurt,Germany,70000
Market Analyst Sales (m/w/d),Frankfurt,Germany,80000
Data Scientists (m/w/d) für das föderale Daten- und Informationsmanagement für Datenqualitätsmanagement und Data Governance,Frankfurt,Germany,76082
Data Scientists (m/w/d) für das föderale Daten- und Informationsmanagement,Frankfurt,Germany,76082
(Senior) Business Analyst* Market Data & Vendor Management,Frankfurt,Germany,88000
(Junior) Business Analyst* Market Data & Vendor Management,Frankfurt,Germany,75000
Junior Data Analyst (m/w/d) mit Schwerpunkt Data Warehouse & ETL,Frankfurt,Germany,50000
Physiker/ Mathematiker/ Naturwissenschaftler als Berater im Bereich Datenintegration (m/w/d),Frankfurt,Germany,71300
Senior Data Warehouse-Entwickler mit Data-Analyst-Expertise (m/w/d),Frankfurt,Germany,82000
(Junior) Mitarbeiter*in im Collateral Management in Teilzeit – befristet bis 31.03.2027,Frankfurt,Germany,keine Angabe
Senior Data Scientist * Generative AI,Frankfurt,Germany,86000
Senior Data Analytics & AI Specialist*,Frankfurt,Germany,77000
Abschlussarbeit im Bereich Datenstrategie und Künstliche Intelligenz,Frankfurt,Germany,keine Angabe
(Senior) Business Intelligence (BI) Engineer (w/m/d) – moveXM GmbH,Frankfurt,Germany,70000
Kreativer Junior Software-Consultant für Datenbank- und Big Data-Projekte (m/w/d),Frankfurt,Germany,57000
IT-Consultant ETL / Datenbanken / Big Data für die Finanzbranche (m/w/d),Frankfurt,Germany,65000
Inhouse Consultant (m/w/d) - Business Intelligence,Frankfurt,Germany,85000
Prozessmanager (m/w/d) InsurTech,Frankfurt,Germany,83000
(Junior) Produktmanager (m/w/d) Kredite & Collection C24 Bank,Frankfurt,Germany,91000
Datenmanager (m/w/d),Frankfurt,Germany,6190
Senior GenAI Engineer,Frankfurt,Germany,71000
Business Analyst - ServiceNow Consulting (w/m/d),Frankfurt,Germany,keine Angabe
SAP Datasphere and Analytics Cloud Specialist (f/m/d),Frankfurt,Germany,keine Angabe
"(Junior) Consultant IT-Forensic, eDiscovery und Forensic Data Analytics (w/m/d)",Frankfurt,Germany,keine Angabe
"Private Wealth Management, COO - Analyst/Associate, Frankfurt",Frankfurt,Germany,67000
"Private Wealth Management, Regional Management Team, Analyst, Frankfurt",Frankfurt,Germany,62000
Praktikant Data Science im Bereich prüfungsnahe Beratung / Quants (Financial Services) (w/m/d),Frankfurt,Germany,keine Angabe
"Controllers, Regulatory Controllers, Analyst, Frankfurt",Frankfurt,Germany,62000
2026 Commercial & Investment Bank - Investment Banking Analyst Program - Off-Cycle Internship - Frankfurt,Frankfurt,Germany,keine Angabe
2026 Commercial & Investment Bank - Investment Banking Analyst Program - Off-Cycle Internship (January-June ) CEE Coverage Frankfurt,Frankfurt,Germany,keine Angabe
Financial Analyst (m/w/d) Planning & Analysis,Frankfurt,Germany,51000
Business Analyst (d/m/w) – Schwerpunkt DMS,Frankfurt,Germany,75000
(Junior) Business-Analyst (m/w/d) für die Bereiche Zahlungsverkehr und Wertpapierservice,Frankfurt,Germany,65000
Trainee 4.0 (w/m/d) Capital Markets – Data Scientist / Data Engineer,Frankfurt,Germany,74000
Business Analyst*in im Datenmanagement (in Teilzeit),Frankfurt,Germany,76000
Mid-Corporate Payments Sales Manager - Analyst - Frankfurt (all genders),Frankfurt,Germany,72000
(Senior) Manager Business Intelligence & Data Management (w/m/d),Frankfurt,Germany,keine Angabe
Business Analyst für Payment-Themen (m/w/d),Frankfurt,Germany,90000
Business Analyst „Kennzahlenermittlung im Risikomanagement“ (m/w/d),Frankfurt,Germany,90000
Werkstudent Marketing Analyst (w/m/d),Frankfurt,Germany,keine Angabe
Senior Data Consultant (m/w/d) Transformationsberatung,Frankfurt,Germany,100000
Consultant (w/m/d) BI & Analytics (all levels),Frankfurt,Germany,103000
Business Analyst bAV (all genders),Frankfurt,Germany,84000
Business Controller / Business Analyst – Air & Ocean Freight (m/w/d),Frankfurt,Germany,70000
Financial Analyst Bereich Business Recovery (w/m/d),Frankfurt,Germany,74000
Senior Consultant SAP BW / SAP Analytics (m/w/d),Frankfurt,Germany,99000
Senior Consultant – SAP BI / Analytics (m/w/d),Frankfurt,Germany,90000
Business Analyst Sortimentsmanagement (m/w/d),Frankfurt,Germany,76000
Business Analyst – Digital Services Voll- o. Teilzeit (m/w/d),Frankfurt,Germany,72000
Internal Audit-Frankfurt-Analyst-Regional Audit,Frankfurt,Germany,69000
Senior Consultant Data Management (w/m/d),Frankfurt,Germany,keine Angabe
Senior-Analyst Kredit m/w/d,Frankfurt,Germany,93000
Spezialist Digitalisierung / Business Analyst Voll- o. Teilzeit (m/w/d),Frankfurt,Germany,72000
Senior SAP Analytics Consultant (all genders),Frankfurt,Germany,100000
Digital Workplace Services Analyst (m/w/d),Frankfurt,Germany,62000
Business Analyst - Projekt-Controlling und -Reporting Voll- o. Teilzeit (m/w/d),Frankfurt,Germany,72000
Senior Functional Consultant SAP MDG (w/m/x),Frankfurt,Germany,85000
Senior Analytics Insight Specialist (m/w/d),Frankfurt,Germany,70000
(Senior) Data Engineer (w/m/d),Frankfurt,Germany,84000
Duales Studium Wirtschaftsinformatik (B.Sc.) am Campus oder virtuell,Frankfurt,Germany,keine Angabe
Senior Business Analyst IT (m/w/d),Frankfurt,Germany,90000
Senior Development Manager (m/w/d),Frankfurt,Germany,83800
Client Engineer (m/w/d) Schwerpunkt 3rd-Level Administration,Frankfurt,Germany,70000
Website Industrial Supervision > Job Vacancies > Vibration Analyst- Full Time,Frankfurt,Germany,65000
Development Manager (m/w/d),Frankfurt,Germany,83800
Junior Treasury Analyst (m/w/d),Frankfurt,Germany,58000
IT Solution Architekt (m/w/d),Frankfurt,Germany,102000
Hybrid Customized & Private Wealth Solutions Finance Analyst | Frankfurt (M/F) bei Ardian,Frankfurt,Germany,64000
Hybrid Customized & Private Wealth Solutions Finance Analyst | Frankfurt (M/F) at Ardian,Frankfurt,Germany,60000
Hybrid Customized & Private Wealth Solutions Finance Analyst | Frankfurt (M/F) chez Ardian,Frankfurt,Germany,60000
Hybrid Customized & Private Wealth Solutions Finance Analyst | Frankfurt (M/F) en Ardian,Frankfurt,Germany,60000
(Senior) Manager - ServiceNow Consulting (w/m/d),Frankfurt,Germany,keine Angabe
LIMS - Business Analyst (m/f/d),Frankfurt,Germany,60000
Consultant Solution Architect (w/m/d) Software & Cloud,Frankfurt,Germany,65000
Junior Azure Cloud Security Consultant (m/w/d),Frankfurt,Germany,61000
Financial Controller Europe and Asia (m/f/d),Frankfurt,Germany,80000
Business Analyst (m/w/d),Frankfurt,Germany,62000
IT-Supporter (m/w/d) - Gestalte als Problemlöser die digitale Zukunft (Teilzeit möglich),Frankfurt,Germany,44000
"SENIOR CONSULTANT SAP HANA, BUSINESS INTELLIGENCE & ANALYTICS (m/w/d)",Frankfurt,Germany,64000
Analyst Produktmanagement (m/w/d)*,Frankfurt,Germany,70000
Risk Analyst (m/w/d),Frankfurt,Germany,80000
IT Strategy & Architecture Analyst (w/m/d) Cloud Regulatorik,Frankfurt,Germany,89000
Cross-Risk Strategic Projects Analyst,Frankfurt,Germany,keine Angabe
Consumer Lending Pricing Analyst – Retail Banking (w/m/d),Frankfurt,Germany,84000
Junior Analyst Krypto-Assets / Blockchain m/w/d,Frankfurt,Germany,81000
Product Owner/ Business Analyst*in mit Schwerpunkt für Dokumenten-Output (in Voll- oder Teilzeit),Frankfurt,Germany,94000
"Risk, Regulatory Engagement, Analyst, Frankfurt",Frankfurt,Germany,62000
"Human Capital Management, Regional Business Partner, Analyst, Frankfurt",Frankfurt,Germany,68000
IT-Business Analyst Collections – Support & Services (w/m/d),Frankfurt,Germany,90000
Cyber Security Analyst (m/w/d),Frankfurt,Germany,85000
Analyst IT-Consulting (all genders),Frankfurt,Germany,80000
Procurement Analyst / Einkaufscontrolling (w/m/d),Frankfurt,Germany,60000
EMEA Sales & Marketing – DACH Corporate FX & Interest Rate Sales – Analyst (all genders),Frankfurt,Germany,66000
Werkstudent im Risikomanagement (Fraud-Analyst) (m/w/d),Frankfurt,Germany,keine Angabe
(Associate) Consultant (m/w/d) Data Driven Insurance,Frankfurt,Germany,75000
IT Business Analyst (m/w/d),Frankfurt,Germany,68000
Consultant Data Strategy (f/m/d),Frankfurt,Germany,keine Angabe
Consultant SAP Financial Services Data Platform (FSDP) (m/w/d),Frankfurt,Germany,72000
"Global Financial & Systems Analyst / Experte EPM, Schwerpunkt OneStream",Frankfurt,Germany,86000
2025 Commercial & Investment Bank - Global Corporate Banking Analyst Program ( Mid-Cap)- Off-Cycle Internship (October-March) – Frankfurt,Frankfurt,Germany,keine Angabe
2026 Commercial & Investment Bank - Global Corporate Banking Analyst Program ( Large-Cap)- Off-Cycle Internship (January-June) – Frankfurt,Frankfurt,Germany,keine Angabe
"Private Wealth Management, Financial Analyst (Italian Speaker), Analyst, Frankfurt",Frankfurt,Germany,71000
"Controller/ FP&A Analyst (m/w/d)* (in Vollzeit, 60% Home Office-Option)",Frankfurt,Germany,76000
Investment Analyst (w/m/d) für Venture und Growth Capital-Fonds,Frankfurt,Germany,85000
Security Analyst 1st Level Security Operations Center (m/w/d),Frankfurt,Germany,79000
(Junior) AML Operations Analyst (m/w/d) C24 Bank,Frankfurt,Germany,70000
Wirtschaftsförderer (d/m/w) für Community Management AI & Data Driven Business,Frankfurt,Germany,keine Angabe
Werkstudent Aktuariat Leben / Data Science (m/w/d),Frankfurt,Germany,90000
Duales Studium Wirtschaftsinformatik Data Science (B.Sc.) - Start Oktober 2025 (m/w/d),Frankfurt,Germany,keine Angabe
Planungsspezialist TGA Rechenzentrum / Data Center (m/w/d),Frankfurt,Germany,78000
Data Engineer (m/w/d),Frankfurt,Germany,85000
Werkstudent Financial Data – Bonds (m/w/d),Frankfurt,Germany,keine Angabe
Engineering - Data Governance Officer - Vice President – Frankfurt,Frankfurt,Germany,135000
(Junior) Consultant im Bereich Data Center / Infrastrukturprojekte (m/w/d),Frankfurt,Germany,77200
Objektüberwacher TGA Rechenzentren / Data Center / Elektrotechnik / Nachrichtentechnik (m/w/d),Frankfurt,Germany,80000
Engineering - Data Governance Officer - Associate - Frankfurt,Frankfurt,Germany,78000
Senior Consultant Customer Data & Tech (m/w/d),Frankfurt,Germany,76000
Business Analyst in IT-Projekten (w|m|d),Frankfurt,Germany,72000
Data Engineer (all genders),Frankfurt,Germany,77000
Praktikum als Fellow Consultant (w/m/d) Steering Lab - Schwerpunkt Data Science,Frankfurt,Germany,keine Angabe
Business Analyst /Banking (all genders),Frankfurt,Germany,84000
Working Student / Intern in Data Engineering – Flexplace in Germany (m/f/x),Frankfurt,Germany,keine Angabe
Data Engineer / Data Architect (m/f/x),Berlin,Germany,72000
Data Engineer* / Machine Learning Engineer*,Berlin,Germany,70000
(Mid/Senior) Data Software Engineer (f/m/d),Berlin,Germany,82000
Data Engineer als IT-Projektmanager (m/w/d) im WIdO,Berlin,Germany,99000
Data Engineer (f/m/x),Berlin,Germany,70000
Data Engineer (f/m/x),Berlin,Germany,70000
Referent Data Engineer (m/w/d),Berlin,Germany,78000
Data Engineer (m/w/d),Berlin,Germany,85000
Data Engineer (d/m/w) – Banking | Data Analytics,Berlin,Germany,85000
Data Scientist / AI Engineer (mwd),Berlin,Germany,77000
Data Engineer Ladeinfrastruktur (m/w/d),Berlin,Germany,keine Angabe
Data Engineer (all genders),Berlin,Germany,77000
Data Engineer - ETL Entwickler (m/w/d),Berlin,Germany,72000
Senior Data Scientist / Senior AI Engineer (mwd),Berlin,Germany,83000
Senior Data Engineer (f/m/d),Berlin,Germany,87000
Senior Data Engineer (m/w/d) DWH,Berlin,Germany,84000
Data Scientist (m/w/d) für Technologietrends und Datenstrategie,Berlin,Germany,72000
NetSuite Technical Expert (w/m/d),Berlin,Germany,72000
Observability and Monitoring Consultant (f/m/d),Berlin,Germany,80000
Mid/Senior Business Intelligence & Data Warehouse Engineer (w/m/d),Berlin,Germany,67000
Assistant AI/ML Engineering – Flexplace in Germany (m/f/x),Berlin,Germany,78000
Staff ML/AI Data Engineer,Berlin,Germany,62000
Abschlussarbeit im Bereich Datenstrategie und Künstliche Intelligenz,Berlin,Germany,keine Angabe
(Senior) Consultant (m/w/d) Google Cloud,Berlin,Germany,80000
Senior Data Scientist / Senior Analytics Engineer,Berlin,Germany,73000
Senior Data Engineer,Berlin,Germany,70000
Data Allrounder Fokus GH App (m/w/d),Berlin,Germany,40000
Teamleiter GIS (m/w/d),Berlin,Germany,88000
(Senior) Data & Analytics Engineer,Berlin,Germany,69000
GCP Data Architect,Berlin,Germany,68000
GenAI Lead Architekt (m/w/d),Berlin,Germany,64000
Product Manager - Data & Digital Solutions (m/f/d),Berlin,Germany,63000
Senior Tech Marketing Manager (all genders),Berlin,Germany,keine Angabe
Software Engineer* für Datenprojekte,Berlin,Germany,78000
(Senior) DevOps Engineer (f/m/d) AWS,Berlin,Germany,69000
AWS Senior DevOps & Infrastructure Engineer,Berlin,Germany,76000
AI Engineer (m/w/d),Berlin,Germany,83000
GIS Solution Engineer (m/w/d),Berlin,Germany,83000
IT System Engineer - Cloud / DevOps / Home Office (m/w/d),Berlin,Germany,60000
DevOps Engineer* Linux,Berlin,Germany,85000
Network Engineer - IT-Sicherheit / Juniper / Home Office (m/w/d),Berlin,Germany,66500
Cloud Operations Engineer (w/m/d),Berlin,Germany,75000
DevOps-Engineer (d/m/w),Berlin,Germany,76500
Senior Kotlin Software Engineer - Berlin/Remote in Germany,Berlin,Germany,76000
Data Scientist Konditionsgestaltung (m/w/d),Berlin,Germany,82000
Azure Platform Engineer (all genders),Berlin,Germany,83000
Cloud Engineer Azure (m/w/d) - Cloud System Administrator (m/w/d),Berlin,Germany,65000
Data Architect (m/w/d) (Digitization System Operation / Power Grid),Berlin,Germany,95000
Senior Data Scientist - Product Analytics,Berlin,Germany,67000
Business Analyst (d/m/w) – Banking | Data Analytics Personalisierung,Berlin,Germany,75000
DevOps Engineer (m/w/d),Berlin,Germany,75000
Business Analyst (d/m/w) – Data Analytics | Firmenkunden,Berlin,Germany,70000
Process Engineer IT-Security (m/w/d),Berlin,Germany,80000
Advanced Analytics Engineer (f/m/d),Berlin,Germany,61008
System Solutions Engineer,Berlin,Germany,63000
Global Reporting System Developer (m/w/div.),Berlin,Germany,87000
DevOps Engineer Entwicklungsumgebungen (m/w/div),Berlin,Germany,76482
DevOps Engineer (all genders),Berlin,Germany,80000
Cloud Engineer (all genders),Berlin,Germany,78000
"DevOps Engineer - You build it, you run it! (m/w/d)",Berlin,Germany,90000
IT Consultant (m/w/d) Software Testing & Test Automation,Berlin,Germany,74000
Softwareentwickler - Kubernetes / Golang / DevOps (m/w/d),Berlin,Germany,73000
Windows Systemadministrator (m/w/d) - Cloud System-Engineer,Berlin,Germany,62000
Platform Resilience and Performance Engineer (w/m/d),Berlin,Germany,85000
Software Developer* Cloud-Technologien,Berlin,Germany,75000
DevOps Engineer (m/w/d) - DevOps Specialist (m/w/d),Berlin,Germany,81000
DevOps Spezialist (m/w/d) - DevOps Engineer,Berlin,Germany,78000
Network Reliability Engineer (w/m/d) - NRE Automation,Berlin,Germany,76000
DevOps Spezialist (m/w/d) - DevOps Engineer,Berlin,Germany,74000
Atlassian Solutions Engineer (m/w/d),Berlin,Germany,69000
Engineer (f_m_x) – Terrestrial hydrogravimetry,Berlin,Germany,5975
Avionic Certification Engineer (m/w/d),Berlin,Germany,61000
(Senior) Cloud Engineer (m/w/d),Berlin,Germany,75000
(Senior) DevOps Engineer (f/m/d) Azure,Berlin,Germany,69000
Senior System Engineer (m/w/d) - HPE Aruba Network,Berlin,Germany,74000
Senior Software Engineer - Mainframe (m/w/d),Berlin,Germany,100000
Senior DevOps-Entwickler TrustCenter (m/w/d),Berlin,Germany,80000
Senior Consultant Data Management (w/m/d),Berlin,Germany,keine Angabe
Senior Consultant SAP BW / SAP Analytics (m/w/d),Berlin,Germany,99000
Senior Analytical Engineer (f/m/x),Berlin,Germany,61000
Senior Python Engineer (m/w/d) für AI Services,Berlin,Germany,78000
Senior IT Architekt Netzwerk & Security (m/w/d),Berlin,Germany,88000
Embedded Software Engineer DevOps (m/f/d),Berlin,Germany,73000
(Senior) DevOps Enabler w/m/d,Berlin,Germany,99000
Senior Architekt (w/m/d) Entwurfs- und Ausführungsplanung,Berlin,Germany,keine Angabe
Senior Architekt / Senior Innenarchitekt (m/w/d),Berlin,Germany,51547
Elektriker (m/w/d) - Vollzeit,Berlin,Germany,50000
Senior Machine Learning Research Engineer (m/f/d),Berlin,Germany,67000
Engineer Advanced Technology (M/F/D),Berlin,Germany,56000
"Senior Fullstack Developer / Engineer - Python, React, TypeScript (NLP + ESG) - main residence: germany!",Berlin,Germany,63000
AI Engineer (m/f/d) in B2B SaaS AI Startup,Berlin,Germany,68000
Backend Engineer - Python (m/f/x),Berlin,Germany,64000
Business Analyst (w/m/d) – Netzleitsystem der Zukunft,Berlin,Germany,70000
Hardware Engineer/Integration Engineer for embedded systems,Berlin,Germany,64000
Docker Profi (m/w/d) (DevOps Engineer),Berlin,Germany,64000
Hybrid Manufacturing Test Engineer en Sumup,Berlin,Germany,62000
Hybrid Manufacturing Test Engineer chez Sumup,Berlin,Germany,62000
(Professional) Software Quality Engineer *,Berlin,Germany,59000
Backend Engineer (m/f/x),Berlin,Germany,62000
Software Engineer / 3D Printing (m/f/d),Berlin,Germany,58000
Software Engineer / 3D Printing (m/f/d),Berlin,Germany,58000
Software Engineer - Backend *remote* (m/f/d),Berlin,Germany,63000
Senior Cloud Infrastructure Engineer (f/m/d),Berlin,Germany,66000
ANALOGUE HARDWARE ENGINEER,Berlin,Germany,62000
"Software Developer, Vollzeit, Berlin (Softwareentwickler/in)",Berlin,Germany,63000
Sales Solutions Engineer (m/w/d),Berlin,Germany,65000
Pre-Sales Solutions Engineer,Berlin,Germany,65000
Rust Engineer Job at IOTA Foundation,Berlin,Germany,60000
Sr. Sales Engineer,Berlin,Germany,61000
Hybrid Manufacturing Test Engineer na Sumup,Berlin,Germany,62000
Implementation Engineer,Berlin,Germany,60000
Analytics Engineer (m/f/d),Berlin,Germany,65000
Video Backend Engineer (C++),Berlin,Germany,62000
AI-Augmented Product Engineer / Fullstack Engineer (m/f/d),Berlin,Germany,61000
Hybrid Manufacturing Test Engineer at Sumup,Berlin,Germany,62000
Software Engineer - Video Ingest & Storage,Berlin,Germany,63000
Cloud and DevOps Engineer (Kubernetes),Berlin,Germany,67000
(Junior) Analytics Engineer,Berlin,Germany,62000
Systemadministrator*in/DevOps Engineer (m/w/d),Berlin,Germany,60000
Senior CNC Machines Engineer and Appraisal (Mori Seiki Specialist),Berlin,Germany,56000
Electrical engineer for circuit board design (m/f/d),Berlin,Germany,keine Angabe
ANALOGUE HARDWARE ENGINEER* – BERLIN,Berlin,Germany,58000
Senior Marketing Data Scientist (m/w/d),Berlin,Germany,63000
DevOps Engineer (m/w/d),Berlin,Germany,60000
Principal Data Scientist,Berlin,Germany,63000
Data Engineer* / Machine Learning Engineer*,Hamburg,Germany,70000
Data Engineer (m/w/d),Hamburg,Germany,keine Angabe
Data Engineer (m/w/d),Hamburg,Germany,85000
Data Engineer (m/w/d),Hamburg,Germany,81000
Data Engineer (all genders),Hamburg,Germany,77000
SAP Data Engineer (m/w/d) / SAP BW Entwickler (m/w/d) in Voll- oder Teilzeit,Hamburg,Germany,85000
Data Scientist / Data Engineer (m/w/d),Hamburg,Germany,73000
Junior Data Engineer (m/w/d) / Applicationmanager*in (in Voll- oder Teilzeit),Hamburg,Germany,70000
Data Analytics Engineer (m/w/d),Hamburg,Germany,66000
Senior Data Engineer (f/m/d),Hamburg,Germany,87000
(Senior) Data Engineer (m/w/d),Hamburg,Germany,keine Angabe
(Senior) Data Engineer (m/w/d),Hamburg,Germany,90000
Junior Data Engineer (m/w/d),Hamburg,Germany,60000
RPA-Entwickler (m/w/d) - Robotic Process Automation (RPA),Hamburg,Germany,67000
Praktikum Process Automation (w/m/d),Hamburg,Germany,keine Angabe
Assistant AI/ML Engineering – Flexplace in Germany (m/f/x),Hamburg,Germany,78000
Abschlussarbeit im Bereich Datenstrategie und Künstliche Intelligenz,Hamburg,Germany,keine Angabe
(Senior) Consultant (m/w/d) Google Cloud,Hamburg,Germany,80000
Experienced Cloud Software Engineer,Hamburg,Germany,60000
Cloud Software Engineer,Hamburg,Germany,61000
Software Engineer* für Datenprojekte,Hamburg,Germany,78000
IT System Engineer – Kubernetes and Storage Infrastructure (f/m/d),Hamburg,Germany,keine Angabe
Solution Architect (m/w/d) Cloud Services,Hamburg,Germany,90000
GIS Solution Engineer (m/w/d),Hamburg,Germany,83000
IT System Engineer - Cloud / DevOps / Home Office (m/w/d),Hamburg,Germany,60000
IT System Engineer - Cloud / DevOps / Home Office (m/w/d),Hamburg,Germany,60000
DevOps Engineer* Linux,Hamburg,Germany,85000
DevOps Engineer / Systemadministrator (m/w/d) für professionelle Fuhrparkmanagement Software (SaaS),Hamburg,Germany,keine Angabe
Analytics Engineer (gn),Hamburg,Germany,78000
Software Developer (m/w/d),Hamburg,Germany,65000
Network Engineer - IT-Sicherheit / Juniper / Home Office (m/w/d),Hamburg,Germany,66500
Software Developer AI (w/m/d) Backend-Entwicklung,Hamburg,Germany,69000
Technical Controlling Analyst (m/f/d),Hamburg,Germany,65000
DevOps Engineer (m/w/d),Hamburg,Germany,70000
Digital Workplace Engineer (m/w/d),Hamburg,Germany,84000
Leiter:in Produkttechnik DevOps,Hamburg,Germany,105000
Azure Platform Engineer (all genders),Hamburg,Germany,83000
IT-Application Specialist/DevOps/IT-Systemadministrator (m/w/d),Hamburg,Germany,65755
Cloud Engineer Azure (m/w/d) - Cloud System Administrator (m/w/d),Hamburg,Germany,65000
(Expert) Data Developer (m/w/d) Analytics,Hamburg,Germany,74000
DevOps Engineer (m/w/d),Hamburg,Germany,75000
Process Engineer IT-Security (m/w/d),Hamburg,Germany,80000
Fullstack Engineer (d/w/m) Stellenmärkte,Hamburg,Germany,73000
Cloud Administrator / Cloud Engineer (m/w/d),Hamburg,Germany,65000
Cloud Networking Engineer (m/w/d),Hamburg,Germany,72000
Cloud Engineer Schwerpunkt Security (m/w/d),Hamburg,Germany,81000
Cloud Infrastruktur Engineer (m/w/d),Hamburg,Germany,79000
DevOps Engineer (all genders),Hamburg,Germany,80000
Junior Software Developer (m/w/d),Hamburg,Germany,60000
(Expert) Data Developer (m/w/d) Analytics,Hamburg,Germany,74000
(Senior) Business Analyst* Market Data & Vendor Management,Hamburg,Germany,88000
Cloud Engineer (all genders),Hamburg,Germany,78000
"DevOps Engineer - You build it, you run it! (m/w/d)",Hamburg,Germany,90000
Windows Systemadministrator (m/w/d) - Cloud System-Engineer,Hamburg,Germany,62000
Software Developer* Cloud-Technologien,Hamburg,Germany,75000
Cloud Engineer (m/w/d) für ZEIT ONLINE,Hamburg,Germany,keine Angabe
Cloud-Systemingenieur (m/w/d) - Cloud Engineer (m/w/d),Hamburg,Germany,79000
Senior Software Engineer - Mainframe (m/w/d),Hamburg,Germany,100000
Senior Consultant Data Management (w/m/d),Hamburg,Germany,keine Angabe
Senior Consultant SAP BW / SAP Analytics (m/w/d),Hamburg,Germany,99000
Senior Consultant – SAP BI / Analytics (m/w/d),Hamburg,Germany,90000
Senior Data Scientist,Hamburg,Germany,79000
Senior Data Architect (m/w/d),Hamburg,Germany,keine Angabe
(Senior) DevOps Enabler w/m/d,Hamburg,Germany,99000
Senior Architekt / Senior Innenarchitekt (m/w/d),Hamburg,Germany,51547
(Senior) Data Scientist (m/w/d) InsurTech,Hamburg,Germany,93000
Elektriker (m/w/d) - Vollzeit,Hamburg,Germany,50000
Lead Developer / Software Architect - Hybrid (m/w/d),Hamburg,Germany,105000
Asset Reliability Engineer - Wind Energy/Data (f/m/x),Hamburg,Germany,66000
Advanced Robotics Engineer (m/w/d),Hamburg,Germany,65000
Web Performance Engineer (w/m/d) - Remote or Hamburg,Hamburg,Germany,62000
DevOps Engineer (m/f/d),Hamburg,Germany,66000
Electrical Design Engineer (all genders welcome),Hamburg,Germany,65000
DEVOPS ENGINEER (M/W/D),Hamburg,Germany,66000
Principal Data Scientist,Hamburg,Germany,65000
Principal Machine Learning Engineer,Hamburg,Germany,67000
(Senior) DevOps Engineer (f/m/d),Hamburg,Germany,71000
(Senior) Manager Planning & Construction / Architekt (m/w/d),Hamburg,Germany,65000
Freelance Growth Marketer: Funnel Building & HubSpot CRM Integrations,Hamburg,Germany,keine Angabe
Senior project engineer – plant engineering,Hamburg,Germany,63000
Netzwerk-Jobs für Netzwerk System Administrator in Hamburg,Hamburg,Germany,55000
System Engineer (m/w/d),Hamburg,Germany,56000
Data Engineer - Microsoft Fabric (m/w/d),Hamburg,Germany,65000
Data Scientist / AI Engineer (mwd),Hamburg,Germany,77000
(Junior) Big Data Engineer (m/w/d),Hamburg,Germany,71000
Observability Platform Engineer (m/w/d),Hamburg,Germany,69000
Data Center Design Engineer w/m/d,Hamburg,Germany,keine Angabe
Engineer / Developer EDI-Integration (m/w/d),Hamburg,Germany,61000
Back-End Engineer - Scala (m/f/x),Hamburg,Germany,51000
Systems Engineer (all genders) mit Schwerpunkt Automation,Hamburg,Germany,64000
SeniorAd Tech Mobile Engineer - Android/Flutter,Hamburg,Germany,51000
Technical Engineer (f/m/d),Hamburg,Germany,54000
Site Reliability Engineer (f/m/d),Hamburg,Germany,63000
Senior Network Automation Engineer (m/w/d) - 100 % Home Office,Hamburg,Germany,70000
Senior System Engineer (m/w/d) - HPE Aruba Network,Hamburg,Germany,74000
Senior Platform Engineer (w/m/d) Remote / Homeoffice,Hamburg,Germany,74000
CLOUD ANALYTICS - (SENIOR) DATA ENGINEER (M/W/D),Hamburg,Germany,65000
SENIOR AZURE DATA ENGINEER (M/W/D),Hamburg,Germany,64000
Data Center Operations Manager (all genders),Hamburg,Germany,57000
Marketing Director - Germany,Hamburg,Germany,64000
Data Engineer* / Machine Learning Engineer*,München,Germany,70000
Data Engineer (m/w/d),München,Germany,85000
Data / Cloud Engineer Automatisiertes Fahren (m/w/d),München,Germany,70000
"Data Engineers, Analysts & Scientists (w|m|d)",München,Germany,83000
Werkstudent als Data Intelligence Engineer (m/w/d),München,Germany,keine Angabe
Data Engineer (m/w/d),München,Germany,85000
Data Engineer (all genders),München,Germany,77000
Lead Data Engineer (m/w/d),München,Germany,82000
Data Platform Engineer – Data Vault / Snowflake (w/m/d),München,Germany,82000
Manager (m/f/x) DX-DSS Data Engineering - limited to 2 years,München,Germany,6200
Business Analyst (d/w/m) mit DWH Expertise,München,Germany,95000
Assistant AI/ML Engineering – Flexplace in Germany (m/f/x),München,Germany,78000
Abschlussarbeit im Bereich Datenstrategie und Künstliche Intelligenz,München,Germany,keine Angabe
Data Engineer (m/f/d),München,Germany,66000
Data Engineer (m/w/d),München,Germany,66000
(Senior) Consultant (m/w/d) Google Cloud,München,Germany,80000
Technischer Product Owner (m/w/d) Daten- und KI-Plattformen,München,Germany,70000
Teamleiter GIS (m/w/d),München,Germany,88000
(Senior) Marketing Science Consultant (m/w/d),München,Germany,69000
(Senior) Cloud Engineer (d/f/m),München,Germany,75000
UX/UI Designer at KONUX in Munich Germany,München,Germany,59000
DevOps-Engineer (m/w/d) | DSIADI,München,Germany,90000
DevOps Engineer (all genders),München,Germany,70000
Software Engineer* für Datenprojekte,München,Germany,78000
Backend Entwickler / AI Engineer (m/w/d) in unserem AI Team,München,Germany,81000
Data Onboarding Specialist - Intellectual Property (m/d/f) (m/w/d),München,Germany,72000
Solution Architect (m/w/d) Cloud Services,München,Germany,90000
Backend Engineer (all genders),München,Germany,74000
GIS Solution Engineer (m/w/d),München,Germany,83000
IT System Engineer - Cloud / DevOps / Home Office (m/w/d),München,Germany,60000
DevOps Engineer* Linux,München,Germany,85000
Network Engineer - IT-Sicherheit / Juniper / Home Office (m/w/d),München,Germany,66500
Senior Administrator/Engineer Linux - Custom Managed IT Services (m/w/d),München,Germany,86000
Senior Administrator/Engineer Storage NetApp - Custom Managed IT Services (m/w/d),München,Germany,83000
DevOps-Engineer (m/w/d),München,Germany,81665
Data Architect (f/m/x),München,Germany,70000
Frontend Engineer (all genders),München,Germany,69000
DevOps Engineer (m/w/d),München,Germany,78000
Azure Platform Engineer (all genders),München,Germany,83000
Windows Cloud Engineer (all genders) bei Personal Investors,München,Germany,69000
Machine Learning & KI-Agenten Engineer (m/w/d) - Google AI Fokus,München,Germany,82000
HR Organizational Data Specialist (w/m/d),München,Germany,82000
Working student (m/f/d) SIMULIA Software Engineer,München,Germany,keine Angabe
Stammdaten Analyst / Data Manager (m/w/d) Verpackungsmaterialien & BI-Reporting,München,Germany,94000
Data Developer (all genders),München,Germany,88000
DevOps Engineer (m/w/d) - DevOps Specialist (m/w/d),München,Germany,81000
Linux & Cloud Engineer (all genders),München,Germany,87000
Technical Analyst (m/w/d) für Investment & Securities,München,Germany,72000
DevOps Solution Architect – Linux / Automation (m/w/d),München,Germany,97000
IT-Network-/DevOps-Engineer Cloud- und Netzwerkadministration (m/w/d),München,Germany,84000
Process Engineer IT-Security (m/w/d),München,Germany,80000
OpenStack Cloud Engineer bei BurdaSolutions (m/w/d),München,Germany,78000
DevOps Engineer (all genders),München,Germany,80000
Cloud Engineer (all genders),München,Germany,78000
"DevOps Engineer - You build it, you run it! (m/w/d)",München,Germany,90000
IT Consultant (m/w/d) Software Testing & Test Automation,München,Germany,74000
"Cloud Engineer (w|m|d) - Dein Stack: Beratung, Plattformdenken, Automatisierung",München,Germany,81000
Senior Database Engineer - Custom Managed IT Services (m/w/d),München,Germany,89000
Software Developer* Cloud-Technologien,München,Germany,75000
Software Developer Aviation (m/f/d),München,Germany,80000
Software Engineer Mainframe (m/w/d) | BPRVUE,München,Germany,109000
DevOps Engineer (m/w/d),München,Germany,120000
DevOps Engineer (m/w/d) - DevOps Specialist (m/w/d),München,Germany,81000
DevOps Spezialist (m/w/d) - DevOps Engineer,München,Germany,78000
Machine Learning Engineer (all genders),München,Germany,76000
Cloud-Systemingenieur (m/w/d) - Cloud Engineer (m/w/d),München,Germany,79000
Cloud Architect - AWS / DevOps / Home Office (m/w/d),München,Germany,100000
Software Engineer App-Individualisierung (m/w/d) | OMCCIA,München,Germany,98000
Senior Software Engineer - Mainframe (m/w/d),München,Germany,100000
Cloud Engineer – Microsoft 365 (m/w/d),München,Germany,60000
(Senior) Energy Engineer - Asset Integration & Operation (f/m/d),München,Germany,66000
Mitarbeiter DevOps IT (m/w/d) – Interne Integration & Softwareentwicklung,München,Germany,85000
Senior Consultant Data Management (w/m/d),München,Germany,keine Angabe
Senior Consultant SAP BW / SAP Analytics (m/w/d),München,Germany,99000
Senior Consultant – SAP BI / Analytics (m/w/d),München,Germany,90000
Senior Administrator/Engineer Windows - Custom Managed IT Services (m/w/d),München,Germany,83000
Senior Data Scientist (f/m/x),München,Germany,keine Angabe
Business Analyst Zentrale Methoden/ Data Lineage (m/w/d) | STBDBF,München,Germany,83000
(Senior) DevOps Enabler w/m/d,München,Germany,99000
Senior Hardware Design Engineer (m/f/d) - Aerospace,München,Germany,keine Angabe
Senior Architekt / Senior Innenarchitekt (m/w/d),München,Germany,51547
Senior IT Applications Engineer - Salesforce (m/f/x),München,Germany,85000
Responsible AI Consultant (f/m/x),München,Germany,keine Angabe
Elektriker (m/w/d) - Vollzeit,München,Germany,50000
Lead Developer / Software Architect - Hybrid (m/w/d),München,Germany,105000
Bioprocess Engineer Intern (f/m/d),München,Germany,keine Angabe
Platform Engineer (m/w/d) at jambit GmbH in München,München,Germany,69000
DevOps Engineer (m/w/x),München,Germany,72000
Hardware Design Engineer (m/w/d) (Senior Level) - München,München,Germany,69000
DevOps Engineer (m/w/d),München,Germany,72000
DevOps Engineer (m/w/d)Arbeitsort: München,München,Germany,67000
DevOps Engineer (m/f/d),München,Germany,72000
Principal Data Scientist,München,Germany,69000
DevOps Entwicklungsingenieur (m/w/d) Funkkommunikationssysteme / REMOTE,München,Germany,68000
Configuration and Document Manager (m/f/d) SPO - limited to two years,München,Germany,keine Angabe
"Intern Master engineering / data science : Machine Learning & AI based simulation techniques (m,f,d)",München,Germany,keine Angabe
Principal Machine Learning Engineer,München,Germany,77000
DevOps Engineer (m/f/d),München,Germany,72000
SENIOR BACKEND ENGINEER (F/M/D),München,Germany,72000
Data Analyst (m/w/d) - Cloud Data & Analytics,München,Germany,62000
Software Engineer (Cloud),München,Germany,72000
Data Backend Developer (f/m/d),München,Germany,68000
Data Analyst | Spectroscopy | All genders,München,Germany,62000
DevOps Entwicklungsingenieur (m/w/d) Funkkommunikationssysteme,München,Germany,68000
Software Engineer (d/f/m),München,Germany,72000
Admin/DevOps Engineer (m/w/d) in Starnberg,München,Germany,64000
Data-Specialist (w/m/d),München,Germany,59000
Mechanical Design Engineer (m/f/d) Munich (adv),München,Germany,59000
Senior IT Architekt (m/w/d) in München,München,Germany,84000
Junior Metabolic Strain Engineer (f/m/d),München,Germany,60000
Senior Python Engineer,München,Germany,73000
Senior Software Engineer (m/w/d),München,Germany,79000
Senior Architekt (m/w/d) Team- und Projektleitung Marken-Architektur,München,Germany,63000
Strain Development Internship - Genetics (f/m/d),München,Germany,keine Angabe
Sales FP&A Controller (m/f/d),München,Germany,67000
"Sr Mgr, Executive Briefing Center Mgmt",München,Germany,78000
Working Student Community Growth & Engagement,München,Germany,keine Angabe
Subscription and Compliance Analytics Manager,München,Germany,63000
Product Manager,München,Germany,71000
Senior Platform Architect,München,Germany,82000
Head of AI (m/w/d) - AI Engineering & Strategy,München,Germany,81000
AI Solution Engineer*,München,Germany,75000
Data Engineer - Microsoft Fabric (m/w/d),München,Germany,65000
AI-Powered Data Analyst (m/f/x),München,Germany,66000
Data Scientist / AI Engineer (mwd),München,Germany,77000
Data Engineer* / Machine Learning Engineer*,Köln,Germany,70000
Daten-Ingenieur/in / Data Engineer (m/w/d),Köln,Germany,keine Angabe
Senior Data Scientist / Engineer (w/m/d),Köln,Germany,77000
Praktikum Data Engineer,Köln,Germany,keine Angabe
Data Engineer / Business Intelligence Specialist (all genders),Köln,Germany,70000
Data Engineer (m/w/d),Köln,Germany,85000
Data Engineer (m/w/d),Köln,Germany,keine Angabe
Data Scientist / Data Engineer (m/w/d),Köln,Germany,73000
Data Engineer (w/m/d),Köln,Germany,74000
Cloud Big Data Engineer / DevOps Engineer (m/w/d),Köln,Germany,67000
"Data Engineer (m/w/d), Köln, Prag, Remote Work",Köln,Germany,62000
(Senior) Consultant (m/w/d) Google Cloud,Köln,Germany,80000
"Data Engineer (m/f/d), Cologne, Prague, Remote Work",Köln,Germany,62000
Platform Owner - Azure Data Platform (m/w/d),Köln,Germany,92000
Abschlussarbeit im Bereich Datenstrategie und Künstliche Intelligenz,Köln,Germany,keine Angabe
Werkstudent:in für Data Engineering (m/w/d),Köln,Germany,keine Angabe
System Engineer - Datacenter (m/w/d),Köln,Germany,60000
Asset Lead (Props & Sets),Köln,Germany,66000
Lead Engineer im Bereich Data&AI Operations (m/w/d),Köln,Germany,67000
Software Engineer* für Datenprojekte,Köln,Germany,78000
IT System Engineer - Cloud / DevOps / Home Office (m/w/d),Köln,Germany,60000
DevOps Engineer* Linux,Köln,Germany,85000
Network Engineer - IT-Sicherheit / Juniper / Home Office (m/w/d),Köln,Germany,66500
Personaladministration HR-Systems & Data Specialist (m/w/d),Köln,Germany,keine Angabe
Leiter:in Produkttechnik DevOps,Köln,Germany,105000
Cloud Engineer Azure (m/w/d) - Cloud System Administrator (m/w/d),Köln,Germany,65000
DevOps Solution Architect – Linux / Automation (m/w/d),Köln,Germany,97000
Cloud Administrator / Cloud Engineer (m/w/d),Köln,Germany,65000
Data Scientist*,Köln,Germany,88000
DevOps Engineer (m/w/d),Köln,Germany,67000
IT Cloud Engineer (m/w/d),Köln,Germany,70000
Software Developer:in zur Weiterentwicklung des zentralen ERP-Systems (m/w/d),Köln,Germany,86000
"DevOps Engineer - You build it, you run it! (m/w/d)",Köln,Germany,90000
Windows Systemadministrator (m/w/d) - Cloud System-Engineer,Köln,Germany,62000
Software Developer* Cloud-Technologien,Köln,Germany,75000
DevOps Spezialist (m/w/d) - DevOps Engineer,Köln,Germany,78000
Cloud-Systemingenieur (m/w/d) - Cloud Engineer (m/w/d),Köln,Germany,79000
Solution Architect (m/w/d) Cloud Services,Köln,Germany,90000
GIS Solution Engineer (m/w/d),Köln,Germany,83000
Senior Software Engineer - Mainframe (m/w/d),Köln,Germany,100000
AI Engineer (m/w/d),Köln,Germany,86000
Senior Consultant Data Management (w/m/d),Köln,Germany,keine Angabe
Data Scientist (w/m/d),Köln,Germany,110500
Senior Consultant SAP BW / SAP Analytics (m/w/d),Köln,Germany,99000
Senior Consultant – SAP BI / Analytics (m/w/d),Köln,Germany,90000
Process Engineer IT-Security (m/w/d),Köln,Germany,80000
(Senior) Data Scientist Analytics (m/w/d),Köln,Germany,91000
IT Consultant (m/w/d) Software Testing & Test Automation,Köln,Germany,74000
(Senior) DevOps Enabler w/m/d,Köln,Germany,99000
(Senior) Cloud Engineer (m/w/d),Köln,Germany,75000
Senior Scientific Software Engineer (f/m/d),Köln,Germany,96000
Senior Data Architect für Finanz- und Datenmanagement (m/w/d),Köln,Germany,89000
(Senior) Managed Service Architekt (w/m/d),Köln,Germany,90000
Principal Data Scientist,Köln,Germany,64000
Operations Manager (f/m/d) Renewable Energies,Köln,Germany,70000
AI Processor Design Engineer,Köln,Germany,57000
Principal Machine Learning Engineer,Köln,Germany,66000
DevOps Engineer (m/w/d) im Kölner Startup,Köln,Germany,66000
SOFTWARE DEVELOPER DYNAMICS 365 CRM & POWER PLATFORM (M/W/D),Köln,Germany,58000
Cloud Engineer,Köln,Germany,64000
Senior DevOps Engineer - Healthcare Platform (m/f/d),Köln,Germany,69000
"Data Engineer/BI-Entwickler (m/w/d) MS-SQL, Power BI/SSRS",Köln,Germany,65000
Data Engineer (m/w/d),Köln,Germany,72000
Data Engineer (m/w/d),Köln,Germany,keine Angabe
Data-Engineer (m/w/d),Köln,Germany,66000
Lead Software-Engineer Data Intelligence in der Schmiede (w/m/d),Köln,Germany,85000
Data Engineer (all genders),Köln,Germany,77000
Principal Software-Engineer Data Intelligence in der Innovationseinheit Schmiede (w/m/d),Köln,Germany,84000
(Senior) BI Analyst / Analytics Engineer (m/w/d),Köln,Germany,81000
Client Engineer (m/w/d) Schwerpunkt 3rd-Level Administration,Köln,Germany,70000
Senior ML Ops Architect / Engineer (gn),Köln,Germany,84000
Team Lead Data Engineering (m/w/d),Köln,Germany,90000
(Senior) Energy Engineer - Asset Integration & Operation (f/m/d),Köln,Germany,66000
Trading IT - Senior Solution Architect (f/m/d),Köln,Germany,98000
Assistant AI/ML Engineering – Flexplace in Germany (m/f/x),Köln,Germany,78000
Observability and Monitoring Consultant (f/m/d),Köln,Germany,80000
Elektriker (m/w/d) - Vollzeit,Köln,Germany,50000
Lead Developer / Software Architect - Hybrid (m/w/d),Köln,Germany,105000
Teammitglied (m/w/d) für den Bereich Business Intelligence,Köln,Germany,43000
"AI Architect / Machine Learning Engineer (m,f,d)",Köln,Germany,71000
Software Engineer,Köln,Germany,63000
SENIOR DATA ENGINEER (M/F/D),Köln,Germany,68000
Vollzeit: QA Engineer (w/m/d) at DACS Laboratories GmbH,Köln,Germany,58000
Full-time: QA Engineer (w/m/d) at DACS Laboratories GmbH,Köln,Germany,58000
Product Owner (m/f/d),Köln,Germany,84000
(Senior) Data Scientist (m/w/d),Köln,Germany,72000
Senior/Principal Analog Mixed-Signal Design Engineer - Racyics GmbH,Köln,Germany,63000
QA Tech Lead,Köln,Germany,76000
Data Engineer - Microsoft Fabric (m/w/d),Köln,Germany,65000
Data Scientist / AI Engineer (mwd),Köln,Germany,77000
(Junior) Big Data Engineer (m/w/d),Köln,Germany,71000
Observability Platform Engineer (m/w/d),Köln,Germany,69000
Data Center Design Engineer w/m/d,Köln,Germany,keine Angabe
Engineer / Developer EDI-Integration (m/w/d),Köln,Germany,61000
Back-End Engineer - Scala (m/f/x),Köln,Germany,51000
Systems Engineer (all genders) mit Schwerpunkt Automation,Köln,Germany,64000
SeniorAd Tech Mobile Engineer - Android/Flutter,Köln,Germany,51000
Technical Engineer (f/m/d),Köln,Germany,54000
Site Reliability Engineer (f/m/d),Köln,Germany,63000
Senior Network Automation Engineer (m/w/d) - 100 % Home Office,Köln,Germany,70000
Senior System Engineer (m/w/d) - HPE Aruba Network,Köln,Germany,74000
CLOUD ANALYTICS - (SENIOR) DATA ENGINEER (M/W/D),Köln,Germany,65000
SENIOR AZURE DATA ENGINEER (M/W/D),Köln,Germany,64000
Data Center Operations Manager (all genders),Köln,Germany,57000
Marketing Director - Germany,Köln,Germany,64000
Data Engineer (m/w/d),Frankfurt,Germany,85000
Trainee 4.0 (w/m/d) Capital Markets – Data Scientist / Data Engineer,Frankfurt,Germany,74000
Data Engineer (all genders),Frankfurt,Germany,77000
(Senior) Data Engineer (w/m/d),Frankfurt,Germany,84000
Senior Software Engineer - Data & AI (m/w/d),Frankfurt,Germany,120000
Observability and Monitoring Consultant (f/m/d),Frankfurt,Germany,80000
Assistant AI/ML Engineering – Flexplace in Germany (m/f/x),Frankfurt,Germany,78000
Network Engineer (m/w/d) WLAN,Frankfurt,Germany,75000
Client Engineer (m/w/d) Schwerpunkt 3rd-Level Administration,Frankfurt,Germany,70000
Abschlussarbeit im Bereich Datenstrategie und Künstliche Intelligenz,Frankfurt,Germany,keine Angabe
(Senior) Consultant (m/w/d) Google Cloud,Frankfurt,Germany,80000
Inhouse Consultant (m/w/d) - Business Intelligence,Frankfurt,Germany,85000
Senior Engineer (m/w/d) Security Services,Frankfurt,Germany,95000
Elektriker / Elektroniker Rechenzentrum (m/w/d),Frankfurt,Germany,46000
EXPERTE KI UND DIGITALISIERUNG IN STEUERKANZLEIEN (M/W/D),Frankfurt,Germany,56000
PreSales Consultant / Sales Engineer IT Security m/w/d,Frankfurt,Germany,69000
DevOps Engineer (m/f/d),Frankfurt,Germany,70000
GIS Solution Engineer (m/w/d),Frankfurt,Germany,83000
DevOps Engineer Operations – Online- & Mobile-Banking (w/m/d),Frankfurt,Germany,88000
Azure Platform Engineer (all genders),Frankfurt,Germany,83000
DevOps - Applikationsmanager (m/w/d),Frankfurt,Germany,75000
Process Engineer IT-Security (m/w/d),Frankfurt,Germany,80000
Data Scientists (m/w/d) für das föderale Daten- und Informationsmanagement für Datenqualitätsmanagement und Data Governance,Frankfurt,Germany,76082
Cloud Administrator / Cloud Engineer (m/w/d),Frankfurt,Germany,65000
Data Scientists (m/w/d) für das föderale Daten- und Informationsmanagement,Frankfurt,Germany,76082
DevOps Engineer (all genders),Frankfurt,Germany,80000
Spezialist (w/m/d) Cloud Engineer,Frankfurt,Germany,66000
Engineer (m/w/d) IT Digital Workplace,Frankfurt,Germany,77000
System / Platform Engineer (w/m/d),Frankfurt,Germany,6666
Spezialist (w/m/d) DevOps Cloud,Frankfurt,Germany,80000
(Senior) Business Analyst* Market Data & Vendor Management,Frankfurt,Germany,88000
Cloud Engineer (all genders),Frankfurt,Germany,78000
"Cloud Engineer (w|m|d) - Dein Stack: Beratung, Plattformdenken, Automatisierung",Frankfurt,Germany,81000
Cloud Engineer (m/w/d) - System Engineer,Frankfurt,Germany,72000
IT Netzwerk System Engineer (all genders),Frankfurt,Germany,66000
(Senior) Cloud Engineer (m/w/d),Frankfurt,Germany,75000
Senior Software Engineer - Mainframe (m/w/d),Frankfurt,Germany,100000
AI Engineer (m/w/d),Frankfurt,Germany,86000
Field Sales Engineer (m/f/d),Frankfurt,Germany,75000
Senior Consultant Data Management (w/m/d),Frankfurt,Germany,keine Angabe
Senior Consultant SAP BW / SAP Analytics (m/w/d),Frankfurt,Germany,99000
Senior Consultant – SAP BI / Analytics (m/w/d),Frankfurt,Germany,90000
Software Developer (m/w/d),Frankfurt,Germany,75000
Cloud Infrastruktur Engineer (m/w/d),Frankfurt,Germany,79000
Leitung DevOps (m/w/d),Frankfurt,Germany,89000
Digital Workplace Services Analyst (m/w/d),Frankfurt,Germany,62000
Junior Software Developer (m/w/d),Frankfurt,Germany,60000
(Senior) System Engineer (m/w/d) VMware Cloud Foundation mit Schwerpunkt NSX,Frankfurt,Germany,95000
Senior Software Engineer * für Cloud-native Java Entwicklung im Umfeld Elektromobilität,Frankfurt,Germany,85000
(Senior) DevOps Enabler w/m/d,Frankfurt,Germany,99000
Senior Architekt (w/m/d) Entwurfs- und Ausführungsplanung,Frankfurt,Germany,keine Angabe
Senior Data Scientist * Generative AI,Frankfurt,Germany,86000
Elektriker (m/w/d) - Vollzeit,Frankfurt,Germany,50000
IT & Cloud Engineer (f/m/d),Frankfurt,Germany,66000
IT & Cloud Engineer (w/m/d) at M2P Consulting GmbH in Frankfurt am Main,Frankfurt,Germany,66000
IT & Cloud Engineer (w/m/d),Frankfurt,Germany,66000
Data Centre Critical Facilities Engineer (m/w/d) (Elektroniker/in - Energie- und Gebäudetechnik),Frankfurt,Germany,59000
(Senior) Business Intelligence (BI) Engineer (w/m/d) – moveXM GmbH,Frankfurt,Germany,70000
IT Solution Architekt (m/w/d),Frankfurt,Germany,102000
Software Developer,Frankfurt,Germany,65000
Sales Consultant mit Schwerpunkt Business Software (m/w/d),Frankfurt,Germany,65000
DevOps Engineer (m/w/d),Frankfurt,Germany,66000
Lead Developer / Software Architect - Hybrid (m/w/d),Frankfurt,Germany,105000
Software Developer Typescript,Frankfurt,Germany,65000
Consultant Solution Architect (w/m/d) Software & Cloud,Frankfurt,Germany,65000
Sales Consultant mit Schwerpunkt Business Software (m/w/d),Frankfurt,Germany,62000
DevOps Engineer (Homeoffice möglich) (Softwareentwickler/in),Frankfurt,Germany,64000
Senior GenAI Engineer,Frankfurt,Germany,71000
Senior Software Engineer - Realtime Server Development (C++),Frankfurt,Germany,68000
Lead Software Engineer,Frankfurt,Germany,81000
DevOps Engineer,Frankfurt,Germany,64000
Cloud Backend Engineer (m/w/d),Frankfurt,Germany,57000
Fullstack Web Developer (f/m/d),Frankfurt,Germany,60000
Fullstack Web Developer,Frankfurt,Germany,60000
"SENIOR CONSULTANT SAP HANA, BUSINESS INTELLIGENCE & ANALYTICS (m/w/d)",Frankfurt,Germany,64000
Electrical Design Manager,Frankfurt,Germany,66000
Senior Tech Product Manager- Operations Backbone,Frankfurt,Germany,68000
Konstrukteur / Ingenieur / Technischen Zeichner (m/w/d),Frankfurt,Germany,64000
Electrical Commissioning Manager,Frankfurt,Germany,62000
"Manager, Support Account Services Management - German Speaking",Frankfurt,Germany,64000
(Senior) Software Developer (f/m/d),Frankfurt,Germany,69000
Mechanical Commissioning Manager,Frankfurt,Germany,keine Angabe
Entwickler (m/w/d) Geodatenbanken,Frankfurt,Germany,65000
Data Architekt - ETL / SQL / Azure / Python (m/w/d),Frankfurt,Germany,58000
IT System Engineer MSP (m/w/d) - Wiesbaden,Frankfurt,Germany,53000
Data Engineer - Microsoft Fabric (m/w/d),Frankfurt,Germany,65000
Data Scientist / AI Engineer (mwd),Frankfurt,Germany,77000
(Junior) Big Data Engineer (m/w/d),Frankfurt,Germany,71000
Data Scientist / Data Engineer (m/w/d),Frankfurt,Germany,73000
Observability Platform Engineer (m/w/d),Frankfurt,Germany,69000
Data Center Design Engineer w/m/d,Frankfurt,Germany,keine Angabe
Engineer / Developer EDI-Integration (m/w/d),Frankfurt,Germany,61000
Back-End Engineer - Scala (m/f/x),Frankfurt,Germany,51000
Systems Engineer (all genders) mit Schwerpunkt Automation,Frankfurt,Germany,64000
SeniorAd Tech Mobile Engineer - Android/Flutter,Frankfurt,Germany,51000
Technical Engineer (f/m/d),Frankfurt,Germany,54000
Site Reliability Engineer (f/m/d),Frankfurt,Germany,63000
Senior Network Automation Engineer (m/w/d) - 100 % Home Office,Frankfurt,Germany,70000
Senior System Engineer (m/w/d) - HPE Aruba Network,Frankfurt,Germany,74000
CLOUD ANALYTICS - (SENIOR) DATA ENGINEER (M/W/D),Frankfurt,Germany,65000
SENIOR AZURE DATA ENGINEER (M/W/D),Frankfurt,Germany,64000
Reliability Engineer Job Details | Optos,Frankfurt,Germany,66000
Data Center Operations Manager (all genders),Frankfurt,Germany,57000
Marketing Director - Germany,Frankfurt,Germany,64000
Data Scientist Konditionsgestaltung (m/w/d),Berlin,Germany,82000
Senior Data Scientist / Senior AI Engineer (mwd),Berlin,Germany,83000
Data Scientist (m/w/d) für Technologietrends und Datenstrategie,Berlin,Germany,72000
Senior Data Scientist - Product Analytics,Berlin,Germany,67000
Data Scientist / AI Engineer (mwd),Berlin,Germany,77000
Principal Data Scientist,Berlin,Germany,63000
Senior Marketing Data Scientist (m/w/d),Berlin,Germany,63000
(Mid/Senior) Data Software Engineer (f/m/d),Berlin,Germany,82000
Senior Data Scientist / Senior Analytics Engineer,Berlin,Germany,73000
Abschlussarbeit im Bereich Datenstrategie und Künstliche Intelligenz,Berlin,Germany,keine Angabe
Assistant AI/ML Engineering – Flexplace in Germany (m/f/x),Berlin,Germany,78000
AI Consultant – GenAI & NLP Public Sector (m/w/d),Berlin,Germany,90000
(Senior) Consultant Data Strategy & Governance (w/m/d),Berlin,Germany,keine Angabe
Software Engineer / 3D Printing (m/f/d),Berlin,Germany,58000
Staff ML/AI Data Engineer,Berlin,Germany,62000
Associate/mid-level/Senior AI Technology Consultant,Berlin,Germany,64000
Analytics Engineer (m/f/d),Berlin,Germany,65000
Account Director - Germany,Berlin,Germany,69000
GenAI Lead Architekt (m/w/d),Berlin,Germany,64000
(Senior) Machine Learning Engineer,Berlin,Germany,70000
Business Analyst Baufinanzierung / Mortgage Focus (m/w/d),Berlin,Germany,keine Angabe
Senior Machine Learning Research Scientist (m/w/d),Berlin,Germany,70000
Senior Machine Learning Engineer (d/f/m),Berlin,Germany,70000
Senior Data Engineer,Berlin,Germany,70000
Senior Technical Product Manager (all genders),Berlin,Germany,66000
Data Engineer / Data Architect (m/f/x),Berlin,Germany,72000
Referent (m/w/d) Datenanalyse,Berlin,Germany,60000
Data Architect (m/w/d) (Digitization System Operation / Power Grid),Berlin,Germany,95000
Data Engineer* / Machine Learning Engineer*,Berlin,Germany,70000
Business Analyst (d/m/w) – Banking | Data Analytics Personalisierung,Berlin,Germany,75000
Business Analyst (d/m/w) – Data Analytics | Firmenkunden,Berlin,Germany,70000
"Informatiker, Computer Scientist oder erfahrener Fachinformatiker Anwendungsentwicklung o. ä. als Datenbankexperte (m/w/d) T-SQL, MSSQL, Oracle, PostgreSQL, MySQL / MariaDB",Berlin,Germany,74000
IT Analyst / IT Consultant (w/m/d) Citizen Development,Berlin,Germany,70000
System Solutions Engineer,Berlin,Germany,63000
Senior Data Consultant (m/w/d) Transformationsberatung,Berlin,Germany,100000
Senior Data Engineer (f/m/d),Berlin,Germany,87000
Senior Consultant Data Management (w/m/d),Berlin,Germany,keine Angabe
Senior Consultant SAP BW / SAP Analytics (m/w/d),Berlin,Germany,99000
Senior Data Engineer (m/w/d) DWH,Berlin,Germany,84000
Atlassian Solutions Engineer (m/w/d),Berlin,Germany,69000
Senior Scientist/Group Leader (m/f/d) Glycobiology,Berlin,Germany,90000
Computer scientist at X-Visual,Berlin,Germany,62000
PhD Paleoclimate Modelling (m/f/d),Berlin,Germany,78950
Statistiken der EKD,Berlin,Germany,58000
Sales Solutions Engineer (m/w/d),Berlin,Germany,65000
Mitarbeiter Datenanalyse im HomeOffice (m/w/d),Berlin,Germany,51000
Pre-Sales Solutions Engineer,Berlin,Germany,65000
Statistiken der EKD,Berlin,Germany,60000
Senior Machine Learning Research Engineer (m/f/d),Berlin,Germany,67000
Engineer (f_m_x) – Terrestrial hydrogravimetry,Berlin,Germany,5975
Junior research position or post-doctoral position (m/f/d),Berlin,Germany,55000
GCP Data Architect,Berlin,Germany,68000
Sr. Data Engineering Consultant (m/f/d),Berlin,Germany,59000
Computer scientist in application development at X-Visual,Berlin,Germany,62000
Machine Learning Engineer,Berlin,Germany,63000
Senior Machine Learning Engineer (m/w/d),Berlin,Germany,70000
Machine Learning Engineer,Berlin,Germany,66000
Senior Machine Learning Engineer,Berlin,Germany,70000
Principal Machine Learning Engineer,Berlin,Germany,66000
Principal Machine Learning Engineer,Berlin,Germany,71000
Senior Machine Learning Engineer,Berlin,Germany,70000
Rust Engineer Job at IOTA Foundation,Berlin,Germany,60000
Head of Commercial Finance Business Partnering,Berlin,Germany,85000
JobAlert: We are looking for a Senior Campaign Manager,Berlin,Germany,keine Angabe
Senior PR & Social Media Manager (English native + French/German) (m/w/d),Berlin,Germany,50000
Data Scientist / KI-Expert:in im Team Advanced Analytics,Berlin,Germany,78000
"Senior Full Stack Entwickler:in Java, Spring Boot & React (d/m/w) - Remote",Berlin,Germany,77000
Data Scientist / Data Engineer (m/w/d),Hamburg,Germany,73000
Senior Data Scientist,Hamburg,Germany,79000
(Senior) Data Scientist (m/w/d) InsurTech,Hamburg,Germany,93000
AI-affine:r Aktuar:in,Hamburg,Germany,78000
Principal Data Scientist,Hamburg,Germany,65000
Leiter:in Produkttechnik DevOps,Hamburg,Germany,105000
Werkstudent Sales im B2B Bereich (w/m/d),Hamburg,Germany,keine Angabe
Abschlussarbeit im Bereich Datenstrategie und Künstliche Intelligenz,Hamburg,Germany,keine Angabe
Assistant AI/ML Engineering – Flexplace in Germany (m/f/x),Hamburg,Germany,78000
AI Consultant – GenAI & NLP Public Sector (m/w/d),Hamburg,Germany,90000
Sales Consultant Digital Solutions (w/m/d),Hamburg,Germany,keine Angabe
AI Consultant (m/w/d),Hamburg,Germany,70000
Product Manager (m/w/d) Digital,Hamburg,Germany,80000
CoE Lead (m/w/d) Künstliche Intelligenz,Hamburg,Germany,120000
Asset Reliability Engineer - Wind Energy/Data (f/m/x),Hamburg,Germany,66000
(Expert) Data Developer (m/w/d) Analytics,Hamburg,Germany,74000
Data Engineer* / Machine Learning Engineer*,Hamburg,Germany,70000
(Expert) Data Developer (m/w/d) Analytics,Hamburg,Germany,74000
(Senior) Business Analyst* Market Data & Vendor Management,Hamburg,Germany,88000
Senior Data Consultant (m/w/d) Transformationsberatung,Hamburg,Germany,100000
Junior Data Engineer (m/w/d) / Applicationmanager*in (in Voll- oder Teilzeit),Hamburg,Germany,70000
Senior Data Engineer (f/m/d),Hamburg,Germany,87000
Senior Consultant Data Management (w/m/d),Hamburg,Germany,keine Angabe
Senior Consultant SAP BW / SAP Analytics (m/w/d),Hamburg,Germany,99000
Senior Consultant – SAP BI / Analytics (m/w/d),Hamburg,Germany,90000
(Senior) Data Engineer (m/w/d),Hamburg,Germany,keine Angabe
(Senior) Data Engineer (m/w/d),Hamburg,Germany,90000
Senior Data Architect (m/w/d),Hamburg,Germany,keine Angabe
IT System Engineer – Kubernetes and Storage Infrastructure (f/m/d),Hamburg,Germany,keine Angabe
Game Analyst,Hamburg,Germany,60000
Junior Data Engineer (m/w/d),Hamburg,Germany,60000
Principal Machine Learning Engineer,Hamburg,Germany,67000
Data Scientist / AI Engineer (mwd),Hamburg,Germany,77000
Data Scientist / KI-Expert:in im Team Advanced Analytics,Hamburg,Germany,78000
"Senior Full Stack Entwickler:in Java, Spring Boot & React (d/m/w) - Remote",Hamburg,Germany,77000
"Data Engineers, Analysts & Scientists (w|m|d)",München,Germany,83000
Senior Data Scientist (f/m/x),München,Germany,keine Angabe
Principal Data Scientist,München,Germany,69000
Data / Cloud Engineer Automatisiertes Fahren (m/w/d),München,Germany,70000
Praktikum im Bereich Klimarisiken (m/w/d)*,München,Germany,keine Angabe
Abschlussarbeit im Bereich Datenstrategie und Künstliche Intelligenz,München,Germany,keine Angabe
Assistant AI/ML Engineering – Flexplace in Germany (m/f/x),München,Germany,78000
AI Consultant – GenAI & NLP Public Sector (m/w/d),München,Germany,90000
Technischer Product Owner (m/w/d) Daten- und KI-Plattformen,München,Germany,70000
Software Engineer (d/f/m),München,Germany,72000
(Senior) Marketing Science Consultant (m/w/d),München,Germany,69000
Data Onboarding Specialist - Intellectual Property (m/d/f) (m/w/d),München,Germany,72000
Data Architect (f/m/x),München,Germany,70000
HR Organizational Data Specialist (w/m/d),München,Germany,82000
Data Strategy Consultant (f/m/x),München,Germany,70000
Machine Learning & KI-Agenten Engineer (m/w/d) - Google AI Fokus,München,Germany,82000
Stammdaten Analyst / Data Manager (m/w/d) Verpackungsmaterialien & BI-Reporting,München,Germany,94000
Data Engineer* / Machine Learning Engineer*,München,Germany,70000
Data Developer (all genders),München,Germany,88000
Senior Data Consultant (m/w/d) Transformationsberatung,München,Germany,100000
Projektkoordinator Datenanalyse (m/w/d) am Standort München,München,Germany,76000
Data Steward (w/m/d),München,Germany,83000
Senior Consultant Data Management (w/m/d),München,Germany,keine Angabe
Senior Consultant SAP BW / SAP Analytics (m/w/d),München,Germany,99000
Senior Consultant – SAP BI / Analytics (m/w/d),München,Germany,90000
Machine Learning Engineer (all genders),München,Germany,76000
Business Analyst Zentrale Methoden/ Data Lineage (m/w/d) | STBDBF,München,Germany,83000
Postdoc / PhD in Computer Science - Multimodal Models,München,Germany,keine Angabe
Product Scientist - Flavor (f/m/d),München,Germany,63000
Data Backend Developer (f/m/d),München,Germany,68000
Quant Developer (f/m/d),München,Germany,71000
Data-Specialist (w/m/d),München,Germany,59000
Principal Machine Learning Engineer,München,Germany,77000
Sales FP&A Controller (m/f/d),München,Germany,67000
Data Scientist / AI Engineer (mwd),München,Germany,77000
Data Scientist / KI-Expert:in im Team Advanced Analytics,München,Germany,78000
"Senior Full Stack Entwickler:in Java, Spring Boot & React (d/m/w) - Remote",München,Germany,77000
Data Scientist*,Köln,Germany,88000
Senior Data Scientist / Engineer (w/m/d),Köln,Germany,77000
Data Scientist / Data Engineer (m/w/d),Köln,Germany,73000
Data Scientist (w/m/d),Köln,Germany,110500
(Senior) Data Scientist Analytics (m/w/d),Köln,Germany,91000
AI-affine:r Aktuar:in,Köln,Germany,78000
Principal Data Scientist,Köln,Germany,64000
Leiter:in Produkttechnik DevOps,Köln,Germany,105000
Doktorand:in – KI-gestützte Integration heterogener Forschungsdaten in Energiesystemmodelle (w/m/d),Köln,Germany,keine Angabe
Werkstudent Sales im B2B Bereich (w/m/d),Köln,Germany,keine Angabe
Doktorand:in – Entwicklungspfade nachhaltiger Mobilität in Deutschland (w/m/d),Köln,Germany,keine Angabe
AI Consultant – GenAI & NLP Public Sector (m/w/d),Köln,Germany,90000
Data Engineer (m/w/d),Köln,Germany,keine Angabe
Sales Consultant Digital Solutions (w/m/d),Köln,Germany,keine Angabe
AI Consultant (m/w/d),Köln,Germany,70000
Senior Projektmanager AI Strategy (m/w/d),Köln,Germany,88000
(Senior) Data Analyst (m/w/d) - Befristet auf 12-14 Monate,Köln,Germany,keine Angabe
Regress-Manager (m/w/d) Schadenprozesse,Köln,Germany,80000
Abschlussarbeit im Bereich Datenstrategie und Künstliche Intelligenz,Köln,Germany,keine Angabe
"Wissenschaftliche Mitarbeiterin / Wissenschaftlichen Mitarbeiter (m/w/d) (Master/Uni‑Diplom) der Fachrichtung Informatik, Mathematik, Physik, Statistik oder Ingenieurwesen",Köln,Germany,keine Angabe
AI Subject Matter Expert (m/w/d),Köln,Germany,60000
Personaladministration HR-Systems & Data Specialist (m/w/d),Köln,Germany,keine Angabe
Data Engineer* / Machine Learning Engineer*,Köln,Germany,70000
Senior Data Consultant (m/w/d) Transformationsberatung,Köln,Germany,100000
"Referentin / Referent (w/m/d) im Referat L.I.3 „Entwicklung Lageprodukte, Datenanalyse und Visualisierung“",Köln,Germany,76700
Senior Consultant Data Management (w/m/d),Köln,Germany,keine Angabe
Senior Consultant SAP BW / SAP Analytics (m/w/d),Köln,Germany,99000
Senior Consultant – SAP BI / Analytics (m/w/d),Köln,Germany,90000
IT Application Analyst / Developer SAP Logistics (m/w/d),Köln,Germany,72000
Senior Data Architect für Finanz- und Datenmanagement (m/w/d),Köln,Germany,89000
Statistical Programmer (SAS) - Senior Level (m/w/d) Life Science (Vollzeit),Köln,Germany,65000
Statistical Programmer (SAS) - Senior Level (m/w/d) Life Science (Teilzeit),Köln,Germany,65000
Conversion Rate Optimierung & Datenanalyst (m/w/d),Köln,Germany,58000
Cloud Big Data Engineer / DevOps Engineer (m/w/d),Köln,Germany,67000
Principal Machine Learning Engineer,Köln,Germany,66000
Data Scientist / Analyst (m/w/d),Köln,Germany,89000
(Senior) Data Scientist Health Data Lab (w/m/d),Köln,Germany,81000
Principal Scientist Material Development,Köln,Germany,87000
Team Lead Data Science Engineering (m/w/d),Köln,Germany,105000
(Senior) BI Analyst / Analytics Engineer (m/w/d),Köln,Germany,81000
Assistant AI/ML Engineering – Flexplace in Germany (m/f/x),Köln,Germany,78000
(Senior) Data Scientist (m/w/d),Köln,Germany,72000
(Junior) Projektmanager im Versicherungsinnendienst (m/w/d),Köln,Germany,66000
Account Manager Fachhandel (m/w/d),Köln,Germany,64000
Data Scientist / AI Engineer (mwd),Köln,Germany,77000
Data Scientist / KI-Expert:in im Team Advanced Analytics,Köln,Germany,78000
"Senior Full Stack Entwickler:in Java, Spring Boot & React (d/m/w) - Remote",Köln,Germany,77000
Data Scientists (m/w/d) für das föderale Daten- und Informationsmanagement für Datenqualitätsmanagement und Data Governance,Frankfurt,Germany,76082
Data Scientists (m/w/d) für das föderale Daten- und Informationsmanagement,Frankfurt,Germany,76082
Trainee 4.0 (w/m/d) Capital Markets – Data Scientist / Data Engineer,Frankfurt,Germany,74000
Senior Data Scientist * Generative AI,Frankfurt,Germany,86000
Customer Journey Expert / Product Owner – Home / New Business (w/m/d),Frankfurt,Germany,98000
Abschlussarbeit im Bereich Datenstrategie und Künstliche Intelligenz,Frankfurt,Germany,keine Angabe
Assistant AI/ML Engineering – Flexplace in Germany (m/f/x),Frankfurt,Germany,78000
AI Consultant – GenAI & NLP Public Sector (m/w/d),Frankfurt,Germany,90000
Internal Audit-Frankfurt-Analyst-Regional Audit,Frankfurt,Germany,69000
(Senior) Business Intelligence (BI) Engineer (w/m/d) – moveXM GmbH,Frankfurt,Germany,70000
Prozessmanager (m/w/d) InsurTech,Frankfurt,Germany,83000
Datenmanager (m/w/d),Frankfurt,Germany,6190
Senior GenAI Engineer,Frankfurt,Germany,71000
(Senior) Business Analyst* Market Data & Vendor Management,Frankfurt,Germany,88000
Senior Data Consultant (m/w/d) Transformationsberatung,Frankfurt,Germany,100000
Market Data Analyst (m/w/d),Frankfurt,Germany,70000
Senior Consultant Data Management (w/m/d),Frankfurt,Germany,keine Angabe
Senior Consultant SAP BW / SAP Analytics (m/w/d),Frankfurt,Germany,99000
Senior Consultant – SAP BI / Analytics (m/w/d),Frankfurt,Germany,90000
Digital Workplace Services Analyst (m/w/d),Frankfurt,Germany,62000
(Senior) Data Engineer (w/m/d),Frankfurt,Germany,84000
Kreativer Junior Software-Consultant für Datenbank- und Big Data-Projekte (m/w/d),Frankfurt,Germany,57000
"SENIOR CONSULTANT SAP HANA, BUSINESS INTELLIGENCE & ANALYTICS (m/w/d)",Frankfurt,Germany,64000
Data Scientist / AI Engineer (mwd),Frankfurt,Germany,77000
Data Scientist / KI-Expert:in im Team Advanced Analytics,Frankfurt,Germany,78000
Data Scientist / Data Engineer (m/w/d),Frankfurt,Germany,73000
"Senior Full Stack Entwickler:in Java, Spring Boot & React (d/m/w) - Remote",Frankfurt,Germany,77000
